ANO,NO_CINE_ROTULO,QT_ING,QT_CONC,QT_ING5,EVASAO,_MASC,_FEM,_DIURNO,_NOTURNO,_17_29,_30_MAIS,_BRANCA,_N_BRANCA,_RESERVA_VAGA,_RVREDEPUBLICA,_RVETNICO,_RVPDEF,_RVSOCIAL_RF,_PROCESCPUBLICA,_PROCESCPRIVADA,_APOIO_SOCIAL
2014,Administração,157.0,133.0,249.0,46.59,68.46,14.0,0.0,0.0,51.9,0.0,40.34,55.21,,,,,,0.0,0.0,66.67
2014,Arquitetura e urbanismo,67.0,28.0,66.0,57.58,59.09,56.82,0.0,,62.12,0.0,64.86,52.94,,,,,,0.0,0.0,100.0
2014,Arquivologia,81.0,48.0,81.0,40.74,54.84,32.0,,0.0,58.06,0.0,35.48,41.86,,,,,,0.0,0.0,75.0
2014,Artes visuais formação de professor,8.0,6.0,25.0,76.0,92.31,58.33,0.0,,75.0,77.78,90.91,44.44,,,,,,0.0,0.0,100.0
2014,Biblioteconomia,87.0,46.0,90.0,48.89,39.39,54.39,,0.0,58.46,24.0,60.53,36.36,,,,,,0.0,0.0,0.0
2014,Biologia formação de professor,85.0,33.0,141.0,76.6,69.64,81.18,0.0,0.0,77.61,57.14,74.55,76.56,0.0,0.0,,,,0.0,0.0,73.08
2014,Ciência da computação,101.0,22.0,91.0,75.82,73.42,91.67,0.0,,76.92,0.0,63.27,90.32,,,,,,0.0,0.0,0.0
2014,Ciências naturais formação de professor,0.0,0.0,0.0,,,,,,,,,,,,,,,,,
2014,Ciências sociais,48.0,11.0,47.0,76.6,64.71,83.33,0.0,,85.71,0.0,68.75,76.19,,,,,,0.0,0.0,60.0
2014,Ciências sociais formação de professor,45.0,10.0,99.0,89.9,89.66,90.24,,0.0,89.39,90.91,66.67,84.62,,,,,,0.0,0.0,100.0
2014,Contabilidade,215.0,107.0,190.0,43.68,45.87,40.74,0.0,0.0,45.66,23.53,44.19,40.48,0.0,0.0,0.0,,,0.0,0.0,50.0
2014,Direito,296.0,240.0,314.0,23.57,28.81,16.79,0.0,0.0,27.53,0.0,13.86,26.47,,,,,,0.0,0.0,0.0
2014,Economia,170.0,31.0,202.0,84.65,87.5,81.11,0.0,0.0,87.08,66.67,80.25,86.81,,,,,,0.0,0.0,100.0
2014,Educação física,68.0,38.0,61.0,37.7,38.46,36.36,0.0,,40.0,0.0,46.88,16.0,,,,,,0.0,0.0,0.0
2014,Educação física formação de professor,65.0,28.0,66.0,57.58,56.82,59.09,0.0,,69.84,0.0,53.33,60.0,0.0,,0.0,,,0.0,0.0,57.14
2014,Enfermagem,102.0,63.0,109.0,42.2,61.54,39.58,0.0,,47.62,0.0,36.84,36.36,,,,,,0.0,0.0,40.0
2014,Enfermagem formação de professor,0.0,13.0,28.0,53.57,0.0,61.54,0.0,,66.67,0.0,0.0,0.0,,,,,,0.0,0.0,
2014,Engenharia ambiental,85.0,12.0,70.0,82.86,95.56,60.0,0.0,,81.82,100.0,75.0,84.38,,,,,,0.0,0.0,75.0
2014,Engenharia civil,99.0,66.0,97.0,31.96,30.26,38.1,0.0,,33.33,0.0,25.0,3.57,,,,,,0.0,0.0,0.0
2014,Engenharia de alimentos,71.0,23.0,81.0,71.6,76.0,69.64,0.0,,77.63,0.0,81.25,64.71,,,,,,0.0,0.0,93.94
2014,Engenharia de materiais,84.0,16.0,89.0,82.02,83.33,80.0,0.0,,77.14,100.0,64.29,88.89,,,,,,0.0,0.0,88.24
2014,Engenharia de produção,90.0,22.0,72.0,69.44,70.21,68.0,0.0,0.0,70.0,50.0,68.57,81.82,,,,,,0.0,0.0,100.0
2014,Engenharia elétrica,97.0,1.0,74.0,98.65,98.44,100.0,0.0,,98.61,100.0,100.0,96.15,,,,,,0.0,,100.0
2014,Engenharia mecânica,102.0,51.0,96.0,46.88,52.81,0.0,0.0,,53.19,0.0,55.32,48.39,,,,,,0.0,0.0,72.73
2014,Engenharia química,86.0,13.0,70.0,81.43,82.5,80.0,0.0,,80.0,100.0,85.29,72.41,,,,,,0.0,0.0,88.89
2014,Ensino religioso formação de professor,0.0,36.0,113.0,68.14,75.36,56.82,0.0,0.0,90.28,29.27,75.0,60.71,0.0,,0.0,,,0.0,0.0,0.0
2014,Estatística,37.0,11.0,43.0,74.42,85.19,56.25,0.0,,75.0,71.43,83.33,50.0,,,,,,0.0,0.0,0.0
2014,Farmácia,94.0,86.0,191.0,54.97,60.27,51.69,0.0,,55.74,37.5,44.12,25.45,,,,,,0.0,0.0,62.0
2014,Filosofia formação de professor,45.0,14.0,52.0,73.08,70.27,80.0,,0.0,76.47,66.67,61.11,70.59,,,,,,0.0,0.0,100.0
2014,Fisioterapia,81.0,54.0,87.0,37.93,54.55,32.31,0.0,,37.65,50.0,33.33,44.12,0.0,0.0,,,,0.0,0.0,37.5
2014,Fonoaudiologia,63.0,38.0,30.0,0.0,53.33,0.0,0.0,,0.0,0.0,0.0,0.0,0.0,0.0,0.0,,,0.0,0.0,0.0
2014,Física formação de professor,82.0,9.0,131.0,93.13,94.29,88.46,,0.0,93.97,86.67,93.88,91.8,0.0,0.0,,,,0.0,0.0,87.5
2014,Geografia formação de professor,42.0,21.0,136.0,84.56,88.51,77.55,,0.0,83.81,87.1,88.1,81.25,,,,,,0.0,0.0,66.67
2014,História formação de professor,130.0,45.0,88.0,48.86,56.9,33.33,0.0,0.0,59.49,0.0,41.46,51.61,,,,,,0.0,0.0,100.0
2014,Jornalismo,70.0,31.0,60.0,48.33,73.53,15.38,0.0,,51.67,0.0,21.74,50.0,0.0,0.0,0.0,,,0.0,0.0,50.0
2014,Letras espanhol formação de professor,48.0,18.0,47.0,61.7,78.57,54.55,0.0,,67.5,28.57,42.86,65.0,,,,,,0.0,0.0,66.67
2014,Letras francês formação de professor,43.0,4.0,58.0,93.1,100.0,91.11,0.0,0.0,94.44,75.0,91.67,92.59,0.0,,,,,0.0,0.0,100.0
2014,Letras inglês formação de professor,95.0,23.0,110.0,79.09,82.22,76.92,0.0,0.0,81.37,50.0,79.59,76.92,,,,,,0.0,0.0,100.0
2014,Letras línguas estrangeiras clássicas formação de professor,49.0,2.0,74.0,97.3,100.0,94.74,,0.0,96.43,100.0,89.47,100.0,,,,,,0.0,,100.0
2014,Letras outras línguas estrangeiras modernas formação de professor,0.0,0.0,0.0,,,,,,,,,,,,,,,,,
2014,Letras português formação de professor,155.0,106.0,179.0,40.78,50.0,37.4,0.0,0.0,50.0,0.0,30.3,43.53,0.0,0.0,0.0,,,0.0,0.0,40.0
2014,Letras tradutor e intérprete,8.0,2.0,50.0,96.0,95.24,96.55,0.0,,94.74,100.0,91.3,100.0,,,,,,0.0,0.0,100.0
2014,Matemática formação de professor,82.0,13.0,99.0,86.87,88.06,84.38,0.0,0.0,85.37,94.12,84.85,85.45,,,,,,0.0,0.0,88.24
2014,Medicina,119.0,101.0,115.0,12.17,1.72,22.81,0.0,,20.18,0.0,7.14,9.68,0.0,,0.0,,,0.0,0.0,100.0
2014,Música,34.0,18.0,49.0,63.27,63.41,62.5,0.0,,73.81,0.0,68.0,60.0,,,,,,0.0,0.0,100.0
2014,Música formação de professor,42.0,14.0,82.0,82.93,83.93,80.77,0.0,,88.14,69.57,87.5,78.26,,,,,,0.0,0.0,87.5
2014,Nutrição,76.0,61.0,73.0,16.44,50.0,11.11,0.0,,19.72,0.0,0.0,7.69,0.0,0.0,0.0,,,0.0,0.0,88.0
2014,Odontologia,84.0,59.0,84.0,29.76,62.5,9.62,0.0,,30.95,0.0,22.5,37.14,0.0,,0.0,,,0.0,0.0,90.91
2014,Pedagogia,324.0,183.0,353.0,48.16,70.21,44.77,0.0,0.0,62.71,0.0,40.65,48.92,0.0,0.0,,,,0.0,0.0,26.67
2014,Programas interdisciplinares abrangendo artes e humanidades,41.0,7.0,35.0,80.0,87.5,73.68,0.0,,75.0,100.0,85.71,75.0,,,,,,0.0,0.0,100.0
2014,Psicologia,118.0,74.0,147.0,49.66,69.77,41.35,0.0,,51.85,25.0,31.37,36.36,,,,,,0.0,0.0,56.25
2014,Psicopedagogia,80.0,61.0,50.0,0.0,25.0,0.0,0.0,,0.0,0.0,0.0,0.0,0.0,0.0,0.0,,,0.0,0.0,0.0
2014,Química formação de professor,49.0,9.0,86.0,89.53,88.0,91.67,0.0,0.0,93.42,60.0,87.5,89.19,,,,,,0.0,0.0,93.33
2014,Química industrial e tecnológica,49.0,25.0,42.0,40.48,55.17,7.69,0.0,,43.9,0.0,23.08,42.86,0.0,,0.0,,,0.0,0.0,0.0
2014,Relações públicas,48.0,41.0,74.0,44.59,57.14,36.96,,0.0,45.83,0.0,42.42,40.62,,,,,,0.0,0.0,
2014,"Rádio, TV e internet",61.0,28.0,63.0,55.56,0.0,77.78,0.0,,60.66,0.0,55.56,33.33,0.0,0.0,0.0,0.0,,0.0,0.0,0.0
2014,Serviço social,138.0,116.0,191.0,39.27,22.22,40.11,0.0,0.0,51.7,0.0,27.4,36.56,0.0,0.0,0.0,,,0.0,0.0,72.22
2014,Teatro formação de professor,10.0,5.0,33.0,84.85,87.5,82.35,0.0,,93.1,25.0,80.0,88.24,,,,,,0.0,0.0,77.78
2014,Turismo,60.0,25.0,73.0,65.75,52.38,71.15,,0.0,70.0,0.0,71.43,51.72,0.0,0.0,,,,0.0,0.0,100.0
2015,Administração,163.0,78.0,293.0,73.38,75.15,70.97,86.11,61.07,77.95,33.33,70.95,73.21,0.0,0.0,0.0,,,0.0,0.0,33.33
2015,Arquitetura e urbanismo,69.0,22.0,68.0,67.65,70.0,66.67,67.65,,69.7,0.0,59.46,69.57,,,,,,0.0,0.0,100.0
2015,Arquivologia,84.0,23.0,95.0,75.79,69.44,79.66,,75.79,82.09,60.71,73.91,75.56,,,,,,0.0,0.0,100.0
2015,Artes visuais formação de professor,19.0,10.0,20.0,50.0,50.0,50.0,50.0,,64.29,16.67,42.86,63.64,,,,,,0.0,0.0,0.0
2015,Biblioteconomia,83.0,55.0,99.0,44.44,51.43,40.62,,44.44,69.01,0.0,34.88,54.9,0.0,0.0,,,,0.0,0.0,71.43
2015,Biologia,64.0,13.0,68.0,80.88,81.82,80.43,80.88,,80.3,100.0,82.14,68.0,0.0,0.0,0.0,,,0.0,0.0,100.0
2015,Biologia formação de professor,95.0,11.0,87.0,87.36,87.5,87.23,81.4,93.18,86.25,100.0,88.24,86.36,0.0,0.0,0.0,,,0.0,0.0,100.0
2015,Ciência da computação,86.0,27.0,94.0,71.28,74.7,45.45,71.28,,70.65,100.0,68.42,73.33,0.0,0.0,0.0,,0.0,0.0,0.0,71.43
2015,Ciências naturais formação de professor,0.0,0.0,0.0,,,,,,,,,,,,,,,,,
2015,Ciências sociais,34.0,10.0,67.0,85.07,90.91,82.22,85.07,,88.14,62.5,76.0,83.33,0.0,0.0,0.0,,,0.0,0.0,50.0
2015,Ciências sociais formação de professor,49.0,11.0,61.0,81.97,90.62,72.41,,81.97,84.44,75.0,90.48,71.88,,,,,,0.0,0.0,66.67
2015,Contabilidade,232.0,127.0,237.0,46.41,43.31,50.0,45.08,47.83,48.58,28.0,55.45,29.81,0.0,0.0,0.0,,,0.0,0.0,88.89
2015,Direito,440.0,306.0,421.0,27.32,37.17,15.9,23.47,31.25,30.6,5.45,19.66,25.0,0.0,0.0,0.0,,,0.0,0.0,40.0
2015,Economia,164.0,31.0,201.0,84.58,85.71,82.67,76.29,92.31,84.0,88.46,88.54,83.52,0.0,0.0,0.0,,0.0,0.0,0.0,83.33
2015,Educação do campo formação de professor,15.0,0.0,0.0,,,,,,,,,,,,,,,,,
2015,Educação física,71.0,39.0,81.0,51.85,52.83,50.0,51.85,,55.7,0.0,52.94,38.24,0.0,0.0,0.0,,,0.0,0.0,33.33
2015,Educação física formação de professor,57.0,37.0,90.0,58.89,57.38,62.07,58.89,,66.27,0.0,65.62,44.74,0.0,0.0,0.0,,,0.0,0.0,100.0
2015,Enfermagem,101.0,78.0,116.0,32.76,40.0,31.68,32.76,,37.17,0.0,30.36,18.18,0.0,0.0,0.0,,,0.0,0.0,80.0
2015,Enfermagem formação de professor,0.0,0.0,28.0,100.0,100.0,100.0,100.0,,100.0,100.0,100.0,100.0,,,,,,,,
2015,Engenharia ambiental,86.0,27.0,73.0,63.01,67.65,58.97,63.01,,63.89,0.0,60.98,56.52,0.0,0.0,,,,0.0,0.0,100.0
2015,Engenharia civil,110.0,63.0,106.0,40.57,40.54,40.62,40.57,,42.86,0.0,38.46,57.14,0.0,0.0,0.0,,,0.0,0.0,85.71
2015,Engenharia de alimentos,77.0,20.0,74.0,72.97,75.0,72.0,72.97,,76.71,0.0,69.44,77.42,0.0,0.0,,,,0.0,0.0,92.86
2015,Engenharia de materiais,73.0,10.0,87.0,88.51,89.47,86.67,88.51,,87.5,100.0,91.3,82.86,,,,,,0.0,0.0,100.0
2015,Engenharia de produção,132.0,14.0,82.0,82.93,86.15,70.59,80.0,87.5,85.53,50.0,82.22,83.33,,,,,,0.0,0.0,100.0
2015,Engenharia elétrica,94.0,8.0,77.0,89.61,93.75,69.23,89.61,,89.19,100.0,91.11,83.33,,,,,,0.0,0.0,100.0
2015,Engenharia mecânica,111.0,39.0,103.0,62.14,59.55,78.57,62.14,,62.75,0.0,61.82,52.94,0.0,0.0,0.0,,0.0,0.0,0.0,76.92
2015,Engenharia química,86.0,18.0,73.0,75.34,92.86,51.61,75.34,,75.71,66.67,71.79,75.0,,,,,,0.0,0.0,91.67
2015,Ensino religioso formação de professor,33.0,23.0,146.0,84.25,87.67,80.82,100.0,64.06,93.75,76.83,86.57,78.46,0.0,0.0,0.0,,,0.0,0.0,50.0
2015,Estatística,33.0,4.0,59.0,93.22,95.24,88.24,93.22,,91.49,100.0,100.0,85.19,,,,,,0.0,0.0,100.0
2015,Farmácia,85.0,68.0,183.0,62.84,71.79,56.19,62.84,,63.58,50.0,47.5,54.72,0.0,0.0,0.0,,,0.0,0.0,92.06
2015,Filosofia,43.0,8.0,64.0,87.5,80.56,96.43,,87.5,93.88,66.67,93.55,92.86,,,,,,0.0,0.0,100.0
2015,Filosofia formação de professor,38.0,7.0,0.0,0.0,0.0,0.0,,0.0,0.0,0.0,0.0,0.0,,,,,,0.0,0.0,
2015,Fisioterapia,81.0,65.0,88.0,26.14,28.57,25.0,26.14,,26.44,0.0,32.0,11.43,0.0,0.0,0.0,,0.0,0.0,0.0,100.0
2015,Fonoaudiologia,54.0,47.0,80.0,41.25,25.0,44.12,41.25,,40.26,66.67,28.12,41.46,0.0,0.0,0.0,,,0.0,0.0,95.12
2015,Física,41.0,8.0,60.0,86.67,92.31,50.0,86.67,,90.38,62.5,80.0,92.0,,,,,,0.0,0.0,100.0
2015,Física formação de professor,64.0,11.0,59.0,81.36,80.0,88.89,0.0,89.29,86.67,64.29,79.31,86.96,0.0,0.0,0.0,,0.0,0.0,0.0,100.0
2015,Geografia,78.0,43.0,54.0,20.37,12.9,30.43,61.11,0.0,33.33,0.0,4.55,25.93,0.0,0.0,0.0,,,0.0,0.0,66.67
2015,Geografia formação de professor,33.0,19.0,78.0,75.64,85.71,50.0,,75.64,73.58,80.0,64.29,80.56,,,,,,0.0,0.0,100.0
2015,Gestão pública,72.0,47.0,101.0,53.47,60.32,42.11,66.67,40.0,57.81,45.95,57.14,46.15,0.0,0.0,0.0,,,0.0,0.0,
2015,História formação de professor,97.0,26.0,94.0,72.34,71.19,74.29,71.74,72.92,80.49,16.67,86.36,57.14,0.0,0.0,0.0,,,0.0,0.0,100.0
2015,Jornalismo,78.0,39.0,63.0,38.1,33.33,41.03,38.1,,47.54,0.0,44.74,33.33,0.0,0.0,0.0,,,0.0,0.0,0.0
2015,Letras espanhol formação de professor,51.0,9.0,47.0,80.85,100.0,72.73,80.85,,81.58,77.78,81.82,83.33,,,,,,0.0,0.0,100.0
2015,Letras francês formação de professor,25.0,4.0,83.0,95.18,90.0,96.83,92.59,96.43,95.59,93.33,91.89,100.0,,,,,,0.0,0.0,100.0
2015,Letras inglês formação de professor,108.0,18.0,115.0,84.35,86.79,82.26,79.31,89.47,86.46,73.68,85.48,82.22,0.0,0.0,,,,0.0,0.0,100.0
2015,Letras línguas estrangeiras clássicas formação de professor,40.0,3.0,66.0,95.45,93.94,96.97,,95.45,98.08,85.71,95.0,96.3,,,,,,0.0,,
2015,Letras português formação de professor,166.0,67.0,177.0,62.15,67.35,60.16,58.24,66.28,65.38,38.1,68.25,53.19,0.0,0.0,0.0,,,0.0,0.0,100.0
2015,Letras tradutor e intérprete,21.0,2.0,37.0,94.59,94.12,95.0,94.59,,93.55,100.0,88.24,100.0,,,,,,,0.0,
2015,Matemática,20.0,1.0,40.0,97.5,96.43,100.0,97.5,,97.22,100.0,100.0,95.24,,,,,,0.0,,100.0
2015,Matemática formação de professor,104.0,17.0,104.0,83.65,84.93,80.65,82.86,84.06,83.95,82.61,90.48,76.0,0.0,0.0,0.0,,0.0,0.0,0.0,100.0
2015,Medicina,143.0,105.0,127.0,17.32,20.63,14.06,17.32,,21.26,0.0,25.76,0.0,,,,,,0.0,0.0,94.12
2015,Música,36.0,25.0,28.0,10.71,13.04,0.0,10.71,,33.33,0.0,21.43,0.0,,,,,,0.0,0.0,33.33
2015,Música formação de professor,40.0,9.0,21.0,57.14,52.63,100.0,57.14,,71.43,28.57,42.86,60.0,,,,,,0.0,0.0,50.0
2015,Nutrição,77.0,72.0,89.0,19.1,85.71,6.67,19.1,,21.84,0.0,24.49,0.0,0.0,0.0,0.0,,,0.0,0.0,66.67
2015,Odontologia,88.0,53.0,86.0,38.37,0.0,64.06,38.37,,43.53,0.0,42.86,33.33,0.0,0.0,0.0,,,0.0,0.0,80.0
2015,Pedagogia,361.0,145.0,419.0,65.39,66.04,65.3,67.32,63.55,74.29,20.29,79.33,54.84,0.0,0.0,0.0,,0.0,0.0,0.0,81.82
2015,Produção multimídia,50.0,24.0,60.0,60.0,70.27,43.48,60.0,,58.18,80.0,51.52,68.0,0.0,0.0,0.0,,,0.0,0.0,0.0
2015,Programas interdisciplinares abrangendo artes e humanidades,40.0,11.0,35.0,68.57,76.92,63.64,68.57,,73.53,0.0,64.71,61.54,,,,,,0.0,0.0,100.0
2015,Psicologia,114.0,78.0,143.0,45.45,48.57,44.44,45.45,,47.41,12.5,41.67,13.33,0.0,0.0,0.0,,,0.0,0.0,85.29
2015,Psicologia formação de professor,1.0,1.0,13.0,92.31,100.0,90.91,92.31,,100.0,0.0,,0.0,,,,,,0.0,,
2015,Psicopedagogia,74.0,80.0,109.0,26.61,76.92,19.79,26.61,,20.0,44.83,28.26,13.46,0.0,0.0,0.0,,,0.0,0.0,66.67
2015,Química,13.0,3.0,36.0,91.67,83.33,100.0,91.67,,93.33,83.33,85.71,94.12,,,,,,0.0,,100.0
2015,Química formação de professor,46.0,9.0,61.0,85.25,88.24,81.48,89.66,81.25,92.59,28.57,88.89,87.88,,,,,,0.0,0.0,90.0
2015,Química industrial e tecnológica,46.0,12.0,43.0,72.09,70.0,73.91,72.09,,73.17,50.0,68.18,78.95,0.0,0.0,,,,0.0,0.0,100.0
2015,Relações internacionais,65.0,23.0,79.0,70.89,75.0,68.09,58.97,82.5,70.13,100.0,71.74,56.52,0.0,0.0,,,,0.0,0.0,100.0
2015,Relações públicas,51.0,62.0,76.0,18.42,4.17,25.0,,18.42,30.67,0.0,16.67,12.12,0.0,0.0,0.0,,,0.0,0.0,0.0
2015,"Rádio, TV e internet",56.0,21.0,62.0,66.13,71.43,59.26,66.13,,68.42,40.0,82.35,26.32,0.0,0.0,0.0,,,0.0,0.0,100.0
2015,Serviço social,97.0,134.0,199.0,32.66,62.5,30.05,36.11,28.57,41.24,0.0,35.05,26.37,0.0,0.0,0.0,,0.0,0.0,0.0,40.0
2015,Teatro,9.0,13.0,12.0,0.0,14.29,0.0,0.0,,36.36,0.0,33.33,0.0,,,,,,0.0,0.0,0.0
2015,Teatro formação de professor,12.0,11.0,19.0,42.11,30.77,66.67,42.11,,70.59,0.0,70.0,0.0,0.0,0.0,0.0,,,0.0,0.0,0.0
2015,Terapia ocupacional,53.0,50.0,30.0,0.0,0.0,0.0,0.0,,0.0,0.0,0.0,0.0,0.0,0.0,0.0,,,0.0,0.0,0.0
2015,Turismo,2.0,48.0,103.0,53.4,70.27,43.94,,53.4,54.65,47.06,52.27,46.81,0.0,0.0,0.0,,,0.0,0.0,100.0
2016,Administração,154.0,209.0,258.0,18.99,33.33,0.0,7.94,29.55,23.31,0.0,17.97,7.77,45.16,0.0,41.67,100.0,,28.35,7.81,100.0
2016,Alimentos,58.0,13.0,101.0,87.13,88.89,85.11,81.25,92.45,89.16,77.78,90.7,82.69,75.0,0.0,66.67,,,88.89,84.21,100.0
2016,Arquitetura e urbanismo,75.0,48.0,74.0,35.14,58.62,20.0,35.14,,40.54,0.0,23.68,50.0,70.59,28.57,70.0,,,31.58,33.96,100.0
2016,Arquivologia,85.0,85.0,81.0,0.0,6.67,0.0,,0.0,24.19,0.0,0.0,2.22,20.0,0.0,27.27,0.0,,0.0,27.78,
2016,Artes visuais formação de professor,18.0,13.0,26.0,50.0,11.11,70.59,50.0,,73.33,18.18,0.0,63.64,100.0,100.0,100.0,,,42.11,71.43,100.0
2016,Biblioteconomia,79.0,57.0,100.0,43.0,59.46,33.33,,43.0,55.88,15.62,43.75,41.82,66.67,22.22,66.67,,,42.68,44.44,100.0
2016,Biologia,62.0,38.0,66.0,42.42,23.08,55.0,42.42,,39.68,100.0,31.43,45.45,69.23,20.0,50.0,,0.0,59.26,30.77,100.0
2016,Biologia formação de professor,92.0,41.0,104.0,60.58,70.73,53.97,58.73,63.41,64.95,0.0,61.9,54.9,80.95,60.0,81.82,,,62.16,56.67,100.0
2016,Ciência da computação,103.0,27.0,95.0,71.58,71.08,75.0,71.58,,72.34,0.0,60.87,81.4,81.82,42.86,76.92,100.0,0.0,80.0,65.45,100.0
2016,Ciências atuariais,85.0,15.0,106.0,85.85,90.48,79.07,80.39,90.91,86.52,82.35,84.78,81.82,93.75,87.5,100.0,,,86.57,84.62,100.0
2016,Ciências naturais formação de professor,0.0,0.0,0.0,,,,,,,,,,,,,,,,,
2016,Ciências sociais,32.0,7.0,51.0,86.27,84.21,87.5,86.27,,86.67,83.33,95.45,70.0,100.0,100.0,100.0,,,87.1,82.35,100.0
2016,Ciências sociais formação de professor,51.0,12.0,62.0,80.65,80.0,81.25,,80.65,83.67,69.23,84.62,78.79,100.0,100.0,100.0,,,79.17,85.71,100.0
2016,Contabilidade,211.0,94.0,223.0,57.85,67.41,43.18,53.7,61.74,65.22,0.0,62.63,50.49,64.0,18.18,73.08,100.0,0.0,57.04,59.09,100.0
2016,Direito,391.0,295.0,412.0,28.4,30.87,25.27,25.25,31.43,31.43,11.29,11.06,28.15,43.88,0.0,42.86,0.0,0.0,28.87,28.15,100.0
2016,Economia,154.0,51.0,194.0,73.71,78.46,64.06,70.83,76.53,78.89,7.14,74.16,74.16,75.0,25.0,78.26,,0.0,76.34,68.25,100.0
2016,Educação do campo formação de professor,0.0,0.0,0.0,,,,,,,,,,,,,,,,,
2016,Educação física,91.0,34.0,73.0,53.42,56.14,43.75,53.42,,56.52,0.0,46.43,45.45,61.11,12.5,70.0,,,60.53,40.62,100.0
2016,Educação física formação de professor,63.0,62.0,78.0,20.51,32.08,0.0,20.51,,31.43,0.0,37.5,2.38,42.11,0.0,54.55,,,15.22,11.54,100.0
2016,Enfermagem,88.0,77.0,122.0,36.89,60.71,29.79,36.89,,40.68,0.0,32.14,27.78,37.5,0.0,61.54,,,40.62,29.09,100.0
2016,Enfermagem formação de professor,0.0,2.0,28.0,92.86,100.0,91.67,92.86,,95.83,75.0,100.0,50.0,,,,,,95.45,83.33,100.0
2016,Engenharia ambiental,80.0,39.0,76.0,48.68,58.82,40.48,48.68,,51.35,0.0,52.17,34.78,72.22,44.44,62.5,100.0,,67.86,36.17,100.0
2016,Engenharia civil,92.0,88.0,109.0,19.27,22.08,12.5,19.27,,16.5,66.67,0.0,23.08,61.54,9.09,71.43,0.0,0.0,52.63,0.0,100.0
2016,Engenharia de alimentos,66.0,18.0,88.0,79.55,87.88,74.55,79.55,,80.95,50.0,78.95,76.32,100.0,100.0,100.0,,,80.43,78.57,100.0
2016,Engenharia de computação (DCN Engenharia),88.0,12.0,80.0,85.0,90.62,62.5,85.0,,85.9,50.0,91.11,71.43,95.0,88.89,90.91,,,86.49,83.33,100.0
2016,Engenharia de materiais,67.0,13.0,65.0,80.0,87.5,68.0,80.0,,76.36,100.0,88.89,69.23,66.67,0.0,100.0,,,67.86,89.19,100.0
2016,Engenharia de produção,101.0,26.0,106.0,75.47,77.14,72.22,79.71,67.57,76.7,33.33,75.47,71.05,76.0,53.85,66.67,,0.0,67.44,80.33,100.0
2016,Engenharia elétrica,75.0,38.0,86.0,55.81,58.82,44.44,55.81,,55.0,66.67,47.92,56.67,90.48,80.0,88.89,,,72.97,42.86,100.0
2016,Engenharia mecânica,103.0,46.0,114.0,59.65,61.32,37.5,59.65,,65.18,0.0,54.39,62.79,88.46,72.73,85.71,,,76.6,46.97,100.0
2016,Engenharia química,71.0,38.0,84.0,54.76,66.67,36.36,54.76,,55.42,0.0,56.41,45.71,72.22,37.5,80.0,,0.0,67.57,44.68,100.0
2016,Ensino religioso formação de professor,38.0,19.0,106.0,82.08,89.29,74.0,91.07,72.0,86.54,77.78,85.71,81.13,100.0,100.0,100.0,,,79.52,91.3,100.0
2016,Estatística,39.0,10.0,52.0,80.77,87.88,68.42,80.77,,82.98,60.0,70.0,86.21,50.0,0.0,100.0,,,81.08,80.0,100.0
2016,Farmácia,93.0,63.0,149.0,57.72,59.32,56.67,57.72,,59.71,30.0,58.46,50.0,32.0,0.0,53.85,,,51.79,61.29,100.0
2016,Filosofia,22.0,12.0,32.0,62.5,65.38,50.0,,62.5,75.0,25.0,60.0,57.14,50.0,0.0,33.33,0.0,,59.09,70.0,100.0
2016,Filosofia formação de professor,35.0,19.0,40.0,52.5,51.61,55.56,,52.5,57.89,47.62,86.36,0.0,50.0,0.0,40.0,,,36.0,80.0,100.0
2016,Fisioterapia,78.0,60.0,93.0,35.48,31.58,36.49,35.48,,37.36,0.0,32.5,21.43,31.58,0.0,8.33,100.0,,38.24,29.09,100.0
2016,Fonoaudiologia,54.0,63.0,77.0,18.18,53.85,10.94,18.18,,27.03,0.0,14.29,21.05,23.53,0.0,20.0,,0.0,7.89,28.21,100.0
2016,Física,55.0,9.0,62.0,85.48,84.0,91.67,85.48,,85.45,85.71,87.1,81.48,80.0,66.67,100.0,,,92.5,71.43,100.0
2016,Física formação de professor,62.0,11.0,73.0,84.93,84.13,90.0,0.0,86.11,91.94,45.45,86.21,82.93,81.82,0.0,77.78,,0.0,84.75,85.71,100.0
2016,Geografia,36.0,42.0,83.0,49.4,55.56,30.0,46.15,52.27,64.71,0.0,44.74,58.54,68.18,12.5,85.71,,,51.61,42.86,100.0
2016,Geografia formação de professor,84.0,35.0,39.0,10.26,0.0,44.44,,10.26,41.38,0.0,0.0,0.0,,,,,,25.0,0.0,100.0
2016,Gestão pública,78.0,50.0,101.0,50.5,62.0,39.22,47.06,54.0,57.89,28.0,52.27,48.08,53.85,0.0,35.71,100.0,0.0,47.37,60.0,100.0
2016,História formação de professor,86.0,34.0,94.0,63.83,72.73,42.86,60.42,67.39,69.86,42.86,60.98,58.54,69.57,30.0,76.92,,,55.74,78.12,100.0
2016,Jornalismo,56.0,53.0,72.0,26.39,42.86,15.91,26.39,,32.39,0.0,24.24,7.14,44.44,0.0,55.56,,0.0,21.21,30.77,100.0
2016,Letras espanhol formação de professor,39.0,17.0,58.0,70.69,73.33,69.77,70.69,,79.17,30.0,61.54,72.0,88.89,80.0,66.67,,,75.68,61.9,100.0
2016,Letras francês formação de professor,17.0,9.0,59.0,84.75,94.74,80.0,75.0,93.55,86.67,78.57,85.19,85.19,100.0,100.0,100.0,,,89.47,76.19,100.0
2016,Letras inglês formação de professor,92.0,34.0,120.0,71.67,68.97,74.19,61.02,81.97,72.73,66.67,70.49,71.43,83.33,60.0,78.57,,0.0,65.75,80.85,100.0
2016,Letras línguas estrangeiras clássicas formação de professor,52.0,4.0,80.0,95.0,91.43,97.78,,95.0,96.08,93.1,90.0,100.0,100.0,100.0,100.0,,,92.73,100.0,100.0
2016,Letras português formação de professor,133.0,78.0,187.0,58.29,62.26,56.72,58.43,58.16,67.11,23.68,57.32,54.44,75.61,50.0,85.71,,,56.16,63.16,100.0
2016,Letras tradutor e intérprete,23.0,3.0,16.0,81.25,88.89,71.43,81.25,,100.0,40.0,87.5,50.0,,,,,,90.0,66.67,100.0
2016,Matemática,14.0,3.0,23.0,86.96,80.0,100.0,86.96,,85.0,100.0,100.0,76.92,100.0,100.0,100.0,,,80.0,100.0,100.0
2016,Matemática formação de professor,90.0,20.0,115.0,82.61,84.71,76.67,67.39,92.75,82.95,81.48,88.37,78.46,93.1,86.67,85.71,,,87.88,50.0,100.0
2016,Medicina,130.0,120.0,125.0,4.0,12.33,0.0,4.0,,9.4,0.0,0.0,4.44,58.62,0.0,58.82,100.0,,41.03,0.0,100.0
2016,Música,42.0,20.0,22.0,9.09,0.0,50.0,9.09,,50.0,0.0,22.22,0.0,,,,,,0.0,50.0,100.0
2016,Música formação de professor,42.0,27.0,53.0,49.06,56.82,11.11,49.06,,64.86,12.5,60.0,36.36,,,,,,48.84,50.0,100.0
2016,Nutrição,81.0,67.0,92.0,27.17,40.0,25.61,27.17,,22.09,100.0,25.0,20.45,0.0,0.0,0.0,,0.0,26.83,27.45,100.0
2016,Odontologia,76.0,69.0,81.0,14.81,44.44,0.0,14.81,,17.11,0.0,15.91,0.0,10.0,0.0,33.33,0.0,,23.08,9.26,100.0
2016,Pedagogia,346.0,198.0,451.0,56.1,71.83,53.16,44.34,67.39,62.79,34.58,54.91,51.26,56.6,4.17,58.62,,0.0,53.85,63.27,100.0
2016,Produção multimídia,51.0,36.0,61.0,40.98,48.65,29.17,40.98,,41.38,33.33,33.33,30.0,28.57,0.0,37.5,,,47.83,36.84,
2016,Produção sucroalcooleira,59.0,19.0,94.0,79.79,88.06,59.26,70.0,87.04,82.43,70.0,88.37,72.34,78.57,50.0,75.0,,,80.7,78.38,100.0
2016,Programas interdisciplinares abrangendo artes e humanidades,37.0,11.0,42.0,73.81,65.0,81.82,73.81,,74.36,66.67,57.89,87.5,100.0,100.0,100.0,,,73.68,73.91,
2016,Psicologia,110.0,82.0,140.0,41.43,50.0,37.5,41.43,,41.27,42.86,23.73,37.5,57.14,0.0,68.75,100.0,0.0,53.45,27.63,100.0
2016,Psicologia formação de professor,16.0,4.0,19.0,78.95,85.71,75.0,78.95,,87.5,33.33,0.0,33.33,,,,,,70.0,88.89,
2016,Psicopedagogia,84.0,48.0,108.0,55.56,87.5,50.0,55.56,,60.44,29.41,66.0,34.04,46.15,0.0,50.0,,0.0,50.0,64.86,100.0
2016,Química,22.0,5.0,35.0,85.71,90.0,84.0,85.71,,85.29,100.0,80.0,90.0,83.33,66.67,100.0,,,83.33,90.0,100.0
2016,Química formação de professor,39.0,26.0,61.0,57.38,68.42,39.13,50.0,63.64,66.04,0.0,45.45,61.76,75.0,50.0,66.67,,0.0,58.82,50.0,100.0
2016,Química industrial e tecnológica,44.0,9.0,41.0,78.05,90.48,65.0,78.05,,78.95,66.67,58.82,90.48,80.0,60.0,80.0,,,68.42,85.71,100.0
2016,Relações internacionais,66.0,27.0,120.0,77.5,81.13,74.63,63.33,91.67,76.92,100.0,75.44,73.81,90.0,80.0,80.0,,,86.0,71.43,100.0
2016,Relações públicas,50.0,55.0,78.0,29.49,53.57,16.0,,29.49,38.89,0.0,14.71,40.0,57.89,0.0,63.64,,0.0,38.3,16.13,100.0
2016,"Rádio, TV e internet",34.0,39.0,66.0,40.91,54.76,16.67,40.91,,40.98,40.0,41.18,40.0,33.33,0.0,14.29,100.0,0.0,48.89,23.81,100.0
2016,Serviço social,83.0,135.0,193.0,30.05,47.37,28.16,27.0,33.33,39.24,0.0,24.69,26.53,39.53,0.0,32.0,0.0,0.0,28.89,29.09,100.0
2016,Teatro,15.0,5.0,16.0,68.75,83.33,60.0,68.75,,84.62,0.0,60.0,60.0,,,,,,63.64,80.0,100.0
2016,Teatro formação de professor,14.0,14.0,13.0,0.0,0.0,22.22,0.0,,0.0,0.0,0.0,20.0,0.0,0.0,0.0,,,0.0,50.0,100.0
2016,Terapia ocupacional,53.0,45.0,63.0,28.57,66.67,22.22,28.57,,18.87,80.0,19.23,25.0,0.0,0.0,0.0,,0.0,27.78,29.63,100.0
2016,Turismo,59.0,37.0,87.0,57.47,60.53,55.1,,57.47,60.87,44.44,33.33,50.0,61.11,12.5,80.0,,,54.1,65.38,100.0
2017,Administração,154.0,131.0,242.0,45.87,54.07,35.51,50.0,41.8,52.25,0.0,45.19,40.0,49.3,0.0,60.98,50.0,0.0,34.96,56.41,42.86
2017,Alimentos,71.0,16.0,100.0,84.0,87.23,81.13,90.0,78.0,85.14,80.77,94.74,88.52,91.67,81.82,92.31,,,89.19,69.23,75.0
2017,Arquitetura e urbanismo,71.0,85.0,71.0,0.0,0.0,0.0,0.0,,0.0,0.0,0.0,0.0,15.0,0.0,18.18,,0.0,0.0,0.0,41.67
2017,Arquivologia,82.0,58.0,90.0,35.56,48.48,28.07,,35.56,54.39,3.03,35.14,32.65,40.0,0.0,26.67,100.0,0.0,39.47,14.29,0.0
2017,Artes visuais formação de professor,20.0,8.0,26.0,69.23,42.86,78.95,69.23,,72.73,66.67,86.67,33.33,50.0,0.0,33.33,,,70.59,66.67,
2017,Biblioteconomia,87.0,54.0,96.0,43.75,48.48,41.27,,43.75,66.67,0.0,51.16,36.0,53.57,0.0,68.75,,,42.67,45.0,0.0
2017,Biologia,75.0,31.0,61.0,49.18,60.0,38.71,49.18,,50.0,42.86,27.59,70.83,60.0,0.0,66.67,,0.0,57.69,42.86,75.0
2017,Biologia formação de professor,107.0,43.0,105.0,59.05,76.0,43.64,38.71,88.37,58.06,66.67,71.74,55.77,51.85,0.0,21.43,,0.0,58.46,58.97,81.25
2017,Biotecnologia,68.0,41.0,64.0,35.94,54.17,25.0,35.94,,38.1,0.0,39.39,36.36,0.0,0.0,0.0,0.0,0.0,50.0,25.58,77.78
2017,Cinema e audiovisual,14.0,6.0,14.0,57.14,50.0,75.0,57.14,,55.56,60.0,37.5,75.0,100.0,100.0,100.0,,,100.0,14.29,0.0
2017,Ciência da computação,88.0,29.0,101.0,71.29,72.62,64.71,71.29,,73.74,0.0,68.33,68.75,76.0,45.45,64.29,,0.0,65.62,73.91,80.0
2017,Ciências atuariais,101.0,19.0,115.0,83.48,83.33,83.67,82.14,84.75,85.86,68.75,80.85,87.5,94.12,84.62,100.0,100.0,,87.5,74.29,76.92
2017,Ciências da religião,35.0,6.0,51.0,88.24,90.0,85.71,,88.24,92.31,86.84,84.21,93.55,93.33,87.5,85.71,,,88.1,88.89,100.0
2017,Ciências sociais,42.0,10.0,50.0,80.0,90.0,73.33,80.0,,85.37,55.56,75.0,81.48,100.0,100.0,100.0,100.0,,85.29,68.75,100.0
2017,Ciências sociais formação de professor,43.0,22.0,59.0,62.71,68.75,55.56,,62.71,66.67,56.52,61.11,65.79,86.67,66.67,88.89,,,63.04,61.54,0.0
2017,Contabilidade,211.0,101.0,195.0,48.21,49.09,47.06,39.36,56.44,52.12,26.67,46.91,52.58,54.39,0.0,51.61,100.0,0.0,48.18,46.99,0.0
2017,Direito,368.0,337.0,444.0,24.1,29.29,18.05,9.95,36.91,30.11,0.0,14.16,23.26,32.74,0.0,37.31,33.33,0.0,25.73,22.22,0.0
2017,Economia,179.0,51.0,191.0,73.3,75.21,70.27,62.11,84.38,71.7,81.25,78.41,73.12,81.48,65.38,82.14,0.0,0.0,75.61,69.12,0.0
2017,Educação do campo formação de professor,0.0,0.0,0.0,,,,,,,,,,,,,,,,,
2017,Educação física,96.0,48.0,68.0,29.41,30.0,28.57,29.41,,36.51,0.0,64.52,0.0,40.0,0.0,33.33,,0.0,12.5,44.44,0.0
2017,Educação física formação de professor,76.0,37.0,70.0,47.14,42.0,60.0,47.14,,56.25,0.0,65.0,41.3,68.18,22.22,76.92,,0.0,43.18,53.85,40.0
2017,Enfermagem,89.0,54.0,105.0,48.57,81.82,44.68,48.57,,50.52,25.0,35.0,50.88,55.17,0.0,41.18,100.0,0.0,52.94,44.44,69.44
2017,Engenharia ambiental,69.0,29.0,78.0,62.82,64.86,60.98,62.82,,64.94,0.0,53.85,72.73,79.17,44.44,86.67,,,82.35,47.73,100.0
2017,Engenharia civil,86.0,71.0,97.0,26.8,36.76,3.45,26.8,,30.93,0.0,31.48,13.16,41.94,0.0,27.78,,0.0,30.0,24.56,78.57
2017,Engenharia de alimentos,70.0,18.0,82.0,78.05,81.48,76.36,78.05,,78.75,50.0,78.05,78.12,95.45,88.89,91.67,100.0,,87.23,61.29,82.35
2017,Engenharia de computação (DCN Engenharia),78.0,18.0,83.0,78.31,76.32,100.0,78.31,,77.5,100.0,72.73,86.21,83.33,60.0,92.86,,0.0,75.68,80.0,58.33
2017,Engenharia de energia,75.0,11.0,75.0,85.33,81.25,92.59,85.33,,86.49,0.0,82.35,83.33,,,,,,78.57,85.71,84.62
2017,Engenharia de materiais,61.0,14.0,85.0,83.53,90.91,70.0,83.53,,82.72,100.0,83.72,83.33,91.67,80.0,92.86,,,85.37,81.82,100.0
2017,Engenharia de produção,83.0,44.0,102.0,56.86,69.74,19.23,71.19,37.21,53.76,88.89,46.81,63.64,89.66,76.92,87.5,,0.0,60.0,54.39,100.0
2017,Engenharia elétrica,83.0,43.0,81.0,46.91,50.75,28.57,46.91,,44.87,100.0,36.59,41.38,78.26,50.0,84.62,,0.0,54.29,38.64,61.54
2017,Engenharia mecânica,105.0,68.0,122.0,44.26,43.14,50.0,44.26,,46.09,14.29,18.18,51.67,57.58,0.0,63.16,,,55.93,32.26,69.57
2017,Engenharia química,69.0,52.0,85.0,38.82,34.78,43.59,38.82,,38.55,50.0,15.38,51.28,40.0,0.0,46.15,,0.0,29.03,43.4,72.73
2017,Ensino religioso formação de professor,40.0,7.0,2.0,0.0,0.0,0.0,0.0,0.0,0.0,0.0,0.0,0.0,0.0,0.0,,,,0.0,0.0,
2017,Estatística,42.0,3.0,48.0,93.75,94.29,92.31,93.75,,94.59,90.91,91.3,95.45,100.0,100.0,100.0,,,100.0,82.35,100.0
2017,Farmácia,79.0,73.0,99.0,26.26,44.44,15.87,26.26,,29.79,0.0,38.46,9.62,28.12,0.0,16.67,,0.0,35.29,14.89,46.67
2017,Filosofia,31.0,18.0,35.0,48.57,52.0,40.0,,48.57,69.57,8.33,55.56,11.11,66.67,50.0,100.0,,,39.13,66.67,100.0
2017,Filosofia formação de professor,36.0,8.0,47.0,82.98,83.33,81.82,,82.98,86.21,77.78,76.92,80.77,80.0,60.0,100.0,,0.0,80.49,100.0,75.0
2017,Fisioterapia,67.0,55.0,93.0,40.86,61.54,32.84,40.86,,40.91,40.0,41.46,34.78,42.31,0.0,40.0,100.0,0.0,44.74,38.18,36.36
2017,Fonoaudiologia,52.0,48.0,81.0,40.74,36.36,41.43,40.74,,38.89,55.56,63.89,40.0,27.27,0.0,15.38,,0.0,27.27,55.56,20.0
2017,Física,58.0,11.0,33.0,66.67,71.43,40.0,66.67,,65.52,75.0,70.59,84.62,87.5,80.0,100.0,,,86.36,27.27,75.0
2017,Física formação de professor,59.0,19.0,91.0,79.12,77.14,85.71,80.77,78.46,84.72,57.89,83.78,75.0,94.44,88.89,88.89,,,82.19,66.67,86.36
2017,Geografia,35.0,46.0,101.0,54.46,52.78,58.62,33.33,69.49,58.23,40.91,60.87,67.31,68.97,30.77,75.0,,0.0,62.86,35.48,50.0
2017,Geografia formação de professor,65.0,27.0,48.0,43.75,33.33,61.11,,43.75,73.81,0.0,0.0,68.0,,,,,,7.41,90.48,83.33
2017,Gestão pública,88.0,29.0,98.0,70.41,73.47,67.35,70.0,70.83,80.28,44.44,70.27,76.92,62.5,20.0,64.29,0.0,0.0,70.59,70.0,
2017,História formação de professor,77.0,35.0,85.0,58.82,61.7,55.26,45.0,71.11,60.61,52.63,58.54,52.63,55.17,0.0,52.94,,0.0,48.21,79.31,40.0
2017,Jornalismo,71.0,51.0,75.0,32.0,34.62,30.61,32.0,,37.5,0.0,45.45,17.65,28.57,0.0,9.09,,0.0,36.84,27.03,50.0
2017,Letras espanhol formação de professor,44.0,16.0,52.0,69.23,66.67,70.27,69.23,,69.77,66.67,78.57,54.55,80.0,50.0,66.67,,0.0,68.29,72.73,100.0
2017,Letras francês formação de professor,23.0,6.0,56.0,89.29,100.0,84.62,87.5,90.62,90.7,84.62,89.66,84.21,75.0,50.0,50.0,,0.0,90.91,86.96,100.0
2017,Letras inglês formação de professor,93.0,40.0,120.0,66.67,70.69,62.9,51.72,80.65,70.71,47.62,54.72,72.22,74.19,46.67,75.0,,0.0,78.48,41.03,33.33
2017,Letras línguas estrangeiras clássicas formação de professor,58.0,5.0,54.0,90.74,85.71,93.94,,90.74,91.67,88.89,84.62,95.83,100.0,100.0,,,,90.48,91.67,
2017,Letras português formação de professor,163.0,87.0,194.0,55.15,60.0,52.99,57.89,52.53,65.54,21.74,51.43,55.96,63.46,9.52,53.33,100.0,0.0,52.7,62.22,42.86
2017,Letras tradutor e intérprete,21.0,10.0,16.0,37.5,50.0,25.0,37.5,,41.67,25.0,50.0,0.0,,,,,,62.5,12.5,0.0
2017,Matemática,22.0,4.0,22.0,81.82,63.64,100.0,81.82,,76.47,100.0,87.5,100.0,100.0,100.0,100.0,,,90.0,0.0,100.0
2017,Matemática aplicada e computacional,78.0,2.0,75.0,97.33,96.72,100.0,97.33,,97.01,100.0,97.3,96.77,50.0,0.0,100.0,,0.0,95.12,100.0,81.82
2017,Matemática formação de professor,103.0,26.0,124.0,79.03,83.87,64.52,73.91,82.05,82.18,65.22,86.96,75.34,93.55,84.62,88.24,100.0,,79.61,76.19,68.75
2017,Medicina,114.0,129.0,116.0,0.0,0.0,0.0,0.0,,2.65,0.0,0.0,0.0,9.09,0.0,5.26,0.0,,0.0,0.0,63.16
2017,Música,52.0,23.0,19.0,0.0,0.0,0.0,0.0,,0.0,0.0,0.0,0.0,,,,,,0.0,0.0,0.0
2017,Música formação de professor,58.0,16.0,64.0,75.0,68.75,93.75,75.0,,86.36,50.0,88.46,59.38,,,,,,68.29,86.36,100.0
2017,Nutrição,77.0,49.0,83.0,40.96,20.0,43.84,40.96,,45.68,0.0,47.06,46.67,36.36,0.0,38.46,,0.0,34.29,45.83,86.36
2017,Odontologia,73.0,58.0,76.0,23.68,41.18,9.52,23.68,,26.03,0.0,14.29,19.23,43.48,0.0,42.86,100.0,0.0,17.86,27.08,75.0
2017,Pedagogia,388.0,219.0,400.0,45.25,67.61,40.43,42.93,47.37,60.68,1.9,49.66,41.67,57.01,0.0,50.0,0.0,0.0,44.44,49.25,0.0
2017,Produção multimídia,48.0,46.0,59.0,22.03,33.33,0.0,22.03,,19.3,100.0,3.45,25.0,44.44,0.0,54.55,,0.0,42.31,6.06,100.0
2017,Produção sucroalcooleira,73.0,15.0,93.0,83.87,86.27,80.95,84.44,83.33,90.12,41.67,85.0,86.27,84.0,60.0,86.67,,0.0,87.5,70.0,0.0
2017,Programas interdisciplinares abrangendo artes e humanidades,28.0,11.0,35.0,68.57,75.0,63.16,68.57,,67.74,75.0,69.23,66.67,50.0,20.0,66.67,,0.0,46.67,85.0,60.0
2017,Psicologia,106.0,68.0,123.0,44.72,41.94,45.65,44.72,,48.67,0.0,53.03,21.95,37.5,0.0,27.78,0.0,0.0,33.93,53.03,50.0
2017,Psicologia formação de professor,9.0,3.0,25.0,88.0,87.5,88.24,88.0,,87.5,100.0,87.5,0.0,,,,,,100.0,66.67,
2017,Psicopedagogia,93.0,56.0,100.0,44.0,16.67,45.74,44.0,,52.27,0.0,63.89,61.9,25.81,0.0,14.29,0.0,0.0,44.0,44.0,11.11
2017,Química,28.0,7.0,24.0,70.83,85.71,50.0,70.83,,78.26,0.0,72.73,90.0,66.67,50.0,0.0,,0.0,78.95,40.0,57.14
2017,Química formação de professor,45.0,20.0,52.0,61.54,68.75,50.0,33.33,76.47,57.14,80.0,65.0,56.67,75.0,57.14,40.0,,0.0,51.35,86.67,20.0
2017,Química industrial e tecnológica,43.0,5.0,46.0,89.13,83.33,95.45,89.13,,91.3,0.0,83.33,100.0,100.0,100.0,100.0,,,88.89,89.47,76.92
2017,Relações internacionais,75.0,26.0,121.0,78.51,74.47,81.08,74.58,82.26,78.07,85.71,77.36,76.47,83.33,61.54,81.25,100.0,0.0,87.76,72.22,93.33
2017,Relações públicas,47.0,60.0,77.0,22.08,42.42,6.82,,22.08,23.81,14.29,22.86,16.22,4.76,0.0,8.33,,0.0,13.95,32.35,0.0
2017,"Rádio, TV e internet",37.0,26.0,61.0,57.38,68.57,42.31,57.38,,65.45,0.0,52.0,73.53,76.47,42.86,80.0,,0.0,74.36,27.27,0.0
2017,Serviço social,76.0,120.0,192.0,37.5,42.86,36.84,36.84,38.14,52.17,0.0,40.26,29.0,46.15,0.0,37.93,100.0,0.0,34.69,44.19,0.0
2017,Teatro,13.0,4.0,10.0,60.0,40.0,80.0,60.0,,62.5,50.0,50.0,60.0,0.0,0.0,,,0.0,40.0,80.0,0.0
2017,Teatro formação de professor,18.0,3.0,19.0,84.21,80.0,88.89,84.21,,93.75,33.33,90.0,75.0,80.0,50.0,100.0,,,78.57,100.0,100.0
2017,Terapia ocupacional,43.0,40.0,63.0,36.51,0.0,47.17,36.51,,39.66,0.0,62.07,35.48,52.63,0.0,45.45,,0.0,41.67,29.63,11.11
2017,Turismo,62.0,33.0,68.0,51.47,56.0,48.84,,51.47,56.9,20.0,48.0,55.0,55.0,0.0,63.64,,0.0,46.67,60.87,50.0
2018,Administração,163.0,124.0,229.0,45.85,44.72,47.17,54.05,38.14,55.5,0.0,48.28,44.79,0.0,0.0,0.0,0.0,0.0,50.83,40.37,50.0
2018,Alimentos,65.0,25.0,87.0,71.26,75.68,68.0,82.05,62.5,75.0,57.89,75.68,72.97,0.0,0.0,0.0,0.0,0.0,72.73,68.75,33.33
2018,Arquitetura e urbanismo,70.0,61.0,76.0,19.74,22.58,17.78,19.74,,20.0,16.67,0.0,15.0,0.0,0.0,0.0,,0.0,30.0,13.04,42.86
2018,Arquivologia,78.0,50.0,91.0,45.05,60.98,32.0,,45.05,64.52,3.45,42.86,59.32,0.0,0.0,0.0,,0.0,46.58,38.89,50.0
2018,Artes visuais,16.0,2.0,17.0,88.24,100.0,80.0,88.24,,100.0,66.67,90.0,100.0,,,,,,71.43,100.0,
2018,Artes visuais formação de professor,16.0,15.0,13.0,0.0,66.67,0.0,0.0,,22.22,0.0,50.0,0.0,100.0,100.0,,,,0.0,16.67,66.67
2018,Biblioteconomia,80.0,62.0,93.0,33.33,60.53,14.55,,33.33,61.54,0.0,44.12,35.19,0.0,0.0,0.0,,0.0,38.89,14.29,83.33
2018,Biologia,73.0,23.0,57.0,59.65,54.55,62.86,59.65,,58.93,100.0,79.31,63.16,0.0,0.0,0.0,,0.0,48.0,67.74,95.24
2018,Biologia formação de professor,87.0,57.0,101.0,43.56,54.76,35.59,38.98,50.0,46.15,20.0,56.1,60.42,0.0,0.0,0.0,,0.0,37.88,54.29,88.46
2018,Biotecnologia,58.0,28.0,67.0,58.21,60.71,56.41,58.21,,54.1,100.0,80.0,79.41,0.0,0.0,0.0,100.0,0.0,58.62,57.89,73.91
2018,Cinema e audiovisual,12.0,7.0,16.0,56.25,81.82,0.0,56.25,,53.85,66.67,100.0,62.5,0.0,0.0,0.0,,0.0,50.0,62.5,
2018,Ciência da computação,109.0,33.0,96.0,65.62,60.24,100.0,65.62,,64.89,100.0,63.41,70.83,0.0,0.0,0.0,100.0,0.0,70.45,61.54,85.0
2018,Ciências atuariais,85.0,7.0,95.0,92.63,90.2,95.45,90.91,94.12,96.15,76.47,94.44,94.12,0.0,0.0,0.0,,0.0,90.32,96.97,87.5
2018,Ciências da religião,31.0,15.0,56.0,73.21,85.0,43.75,,73.21,92.0,58.06,84.21,77.42,0.0,0.0,0.0,0.0,,71.79,76.47,100.0
2018,Ciências sociais,41.0,12.0,51.0,76.47,70.59,79.41,76.47,,90.48,11.11,89.47,83.33,0.0,0.0,0.0,,,71.43,83.33,90.91
2018,Ciências sociais formação de professor,52.0,23.0,65.0,64.62,70.97,58.82,,64.62,85.42,5.88,81.25,65.79,0.0,0.0,0.0,100.0,0.0,53.49,84.21,80.0
2018,Contabilidade,197.0,104.0,198.0,47.47,57.98,31.65,52.0,42.86,54.86,0.0,58.82,48.96,0.0,0.0,0.0,0.0,0.0,50.0,43.59,60.0
2018,Dança formação de professor,20.0,22.0,31.0,29.03,14.29,33.33,29.03,,36.36,11.11,75.0,66.67,0.0,0.0,0.0,,0.0,15.0,54.55,100.0
2018,Direito,399.0,220.0,466.0,52.79,51.71,53.88,45.53,60.17,55.01,41.56,24.06,42.66,0.0,0.0,0.0,66.67,0.0,59.57,48.2,16.67
2018,Economia,144.0,36.0,159.0,77.36,79.0,74.58,71.83,81.82,81.82,37.5,84.75,81.94,0.0,0.0,0.0,100.0,0.0,78.95,75.0,33.33
2018,Educação do campo formação de professor,0.0,11.0,0.0,0.0,0.0,0.0,0.0,,0.0,0.0,,0.0,0.0,0.0,0.0,,0.0,0.0,,
2018,Educação física,83.0,60.0,80.0,25.0,25.93,23.08,25.0,,34.29,0.0,41.38,27.5,0.0,0.0,0.0,0.0,0.0,18.42,27.5,75.0
2018,Educação física formação de professor,66.0,32.0,73.0,56.16,55.1,58.33,56.16,,62.12,0.0,84.62,45.71,0.0,0.0,0.0,0.0,0.0,51.43,57.14,14.29
2018,Enfermagem,87.0,52.0,105.0,50.48,62.5,48.31,50.48,,53.76,25.0,52.5,40.0,0.0,0.0,0.0,,0.0,53.45,46.81,75.51
2018,Engenharia ambiental,72.0,45.0,93.0,51.61,69.81,27.5,51.61,,50.55,100.0,33.33,56.82,0.0,0.0,0.0,,0.0,28.12,63.93,84.0
2018,Engenharia civil,105.0,67.0,99.0,32.32,28.17,42.86,32.32,,34.04,0.0,18.18,42.86,0.0,0.0,0.0,0.0,0.0,39.47,27.87,76.47
2018,Engenharia de alimentos,65.0,16.0,83.0,80.72,88.89,76.79,80.72,,85.54,0.0,70.27,87.88,0.0,0.0,0.0,,,79.07,82.5,90.0
2018,Engenharia de computação (DCN Engenharia),92.0,31.0,100.0,69.0,67.42,81.82,69.0,,68.42,80.0,67.5,69.23,0.0,0.0,0.0,,0.0,76.92,60.42,53.85
2018,Engenharia de energia,76.0,15.0,75.0,80.0,86.67,70.0,80.0,,78.87,100.0,88.57,85.71,0.0,0.0,,100.0,0.0,96.97,66.67,100.0
2018,Engenharia de materiais,67.0,24.0,77.0,68.83,79.55,54.55,68.83,,67.61,83.33,64.52,66.67,0.0,0.0,0.0,,0.0,76.19,60.0,76.19
2018,Engenharia de produção,84.0,32.0,113.0,71.68,65.67,80.43,80.7,62.5,75.49,36.36,58.0,79.49,0.0,0.0,0.0,,0.0,76.47,67.74,94.44
2018,Engenharia elétrica,71.0,20.0,94.0,78.72,78.21,81.25,78.72,,78.65,80.0,78.05,75.61,0.0,0.0,0.0,,0.0,79.55,78.0,95.65
2018,Engenharia mecânica,98.0,59.0,120.0,50.83,52.83,35.71,50.83,,56.52,0.0,35.19,50.0,0.0,0.0,0.0,,0.0,54.9,47.83,78.79
2018,Engenharia química,67.0,46.0,84.0,45.24,44.44,46.15,45.24,,45.24,,57.89,20.59,0.0,0.0,0.0,,0.0,48.65,42.55,64.86
2018,Ensino religioso formação de professor,47.0,7.0,5.0,0.0,0.0,50.0,75.0,0.0,50.0,0.0,0.0,0.0,0.0,0.0,0.0,,,0.0,50.0,
2018,Estatística,39.0,2.0,44.0,95.45,95.24,95.65,95.45,,95.12,100.0,93.75,94.44,0.0,0.0,,,,92.86,100.0,90.91
2018,Farmácia,96.0,57.0,105.0,45.71,37.5,49.32,45.71,,47.57,0.0,46.67,50.0,0.0,0.0,0.0,0.0,0.0,39.02,50.0,71.43
2018,Filosofia,29.0,15.0,28.0,46.43,52.63,33.33,,46.43,58.82,27.27,44.44,47.06,0.0,0.0,0.0,,0.0,42.11,55.56,66.67
2018,Filosofia formação de professor,38.0,25.0,43.0,41.86,48.48,20.0,,41.86,69.7,0.0,36.84,44.44,0.0,0.0,0.0,,0.0,12.5,78.95,50.0
2018,Fisioterapia,78.0,59.0,89.0,33.71,12.5,41.54,33.71,,40.45,0.0,23.33,35.0,0.0,0.0,0.0,0.0,0.0,17.07,47.92,68.29
2018,Fonoaudiologia,55.0,43.0,70.0,38.57,53.85,35.09,38.57,,41.94,12.5,83.33,48.28,0.0,0.0,0.0,,0.0,34.21,43.75,70.0
2018,Física,48.0,9.0,52.0,82.69,84.44,71.43,82.69,,80.85,100.0,90.91,88.0,0.0,0.0,,,,81.25,85.0,100.0
2018,Física formação de professor,53.0,22.0,56.0,60.71,59.57,66.67,0.0,70.91,66.67,42.86,62.5,73.33,0.0,0.0,0.0,,0.0,55.56,70.0,57.14
2018,Geografia,34.0,35.0,83.0,57.83,64.06,36.84,55.81,60.0,67.16,18.75,67.74,67.44,0.0,0.0,0.0,,0.0,62.5,48.15,50.0
2018,Geografia formação de professor,65.0,35.0,43.0,18.6,0.0,43.48,,18.6,24.32,0.0,0.0,33.33,,,,,,25.81,0.0,66.67
2018,Gestão pública,85.0,21.0,105.0,80.0,84.62,75.47,77.55,82.14,87.8,52.17,81.58,86.27,0.0,0.0,0.0,0.0,0.0,80.0,80.0,0.0
2018,História formação de professor,71.0,72.0,85.0,15.29,19.57,10.26,0.0,61.7,40.28,0.0,56.67,46.67,0.0,0.0,0.0,0.0,0.0,0.0,70.59,71.43
2018,Hotelaria,46.0,35.0,46.0,23.91,52.94,6.9,23.91,,48.89,0.0,0.0,29.17,0.0,0.0,0.0,0.0,0.0,14.29,38.89,0.0
2018,Jornalismo,63.0,40.0,79.0,49.37,40.74,53.85,49.37,,49.3,50.0,52.38,58.54,0.0,0.0,0.0,0.0,0.0,51.43,47.73,60.0
2018,Letras espanhol formação de professor,40.0,11.0,49.0,77.55,81.82,76.32,77.55,,80.56,69.23,77.27,77.27,0.0,0.0,0.0,,0.0,77.78,76.92,66.67
2018,Letras francês formação de professor,22.0,10.0,46.0,78.26,78.57,78.12,80.95,76.0,86.11,50.0,83.33,66.67,,,,,,86.21,64.71,100.0
2018,Letras inglês formação de professor,99.0,38.0,95.0,60.0,59.46,60.34,59.62,60.47,65.79,36.84,60.0,63.04,0.0,0.0,0.0,,,61.02,58.33,75.0
2018,Letras línguas estrangeiras clássicas formação de professor,53.0,7.0,65.0,89.23,88.89,89.47,,89.23,88.64,90.48,93.33,86.67,100.0,,100.0,,,91.23,75.0,100.0
2018,Letras português formação de professor,156.0,85.0,150.0,43.33,67.31,30.61,37.5,48.72,51.26,12.9,48.98,51.76,0.0,0.0,0.0,0.0,0.0,35.64,59.18,0.0
2018,Letras tradutor e intérprete,19.0,12.0,11.0,0.0,0.0,55.56,0.0,,0.0,0.0,16.67,25.0,0.0,0.0,0.0,,,0.0,44.44,0.0
2018,Matemática,17.0,7.0,26.0,73.08,75.0,66.67,73.08,,72.0,100.0,90.91,91.67,0.0,0.0,0.0,,0.0,73.68,71.43,90.91
2018,Matemática aplicada e computacional,73.0,3.0,70.0,95.71,94.34,100.0,95.71,,95.08,100.0,96.0,93.33,0.0,0.0,0.0,,,95.35,96.3,100.0
2018,Matemática formação de professor,81.0,25.0,86.0,70.93,73.44,63.64,64.29,74.14,73.13,63.16,84.21,64.29,0.0,0.0,0.0,,0.0,68.12,82.35,90.0
2018,Medicina,119.0,108.0,134.0,19.4,14.49,24.62,19.4,,28.46,0.0,0.0,22.0,0.0,0.0,0.0,0.0,0.0,5.0,23.91,29.03
2018,Música,40.0,36.0,43.0,16.28,32.26,0.0,16.28,,12.5,27.27,55.0,42.86,0.0,0.0,0.0,,0.0,0.0,55.56,45.45
2018,Música formação de professor,46.0,30.0,42.0,28.57,32.43,0.0,28.57,,48.39,0.0,13.33,55.0,0.0,0.0,,,0.0,7.41,66.67,50.0
2018,Nutrição,70.0,59.0,84.0,29.76,50.0,25.0,29.76,,39.51,0.0,68.57,31.58,0.0,0.0,0.0,100.0,0.0,36.11,25.0,88.89
2018,Odontologia,82.0,51.0,90.0,43.33,50.0,39.66,43.33,,48.86,0.0,12.0,23.08,0.0,0.0,0.0,0.0,0.0,20.0,55.0,65.22
2018,Pedagogia,341.0,204.0,344.0,40.7,58.21,36.46,49.71,31.79,60.08,0.0,59.46,46.77,0.0,0.0,0.0,0.0,0.0,39.78,44.62,39.13
2018,Produção multimídia,48.0,21.0,65.0,67.69,62.16,75.0,67.69,,68.75,0.0,78.57,67.86,0.0,0.0,0.0,,0.0,72.41,62.86,100.0
2018,Produção sucroalcooleira,63.0,9.0,85.0,89.41,88.14,92.31,92.5,86.67,89.86,87.5,84.0,94.12,0.0,0.0,0.0,,,88.89,90.91,100.0
2018,Programas interdisciplinares abrangendo artes e humanidades,36.0,22.0,33.0,33.33,57.14,15.79,33.33,,41.94,0.0,72.22,9.09,0.0,0.0,0.0,,0.0,0.0,76.47,0.0
2018,Psicologia,101.0,77.0,105.0,26.67,26.67,26.67,26.67,,29.9,0.0,39.02,26.67,0.0,0.0,0.0,0.0,0.0,23.4,26.79,67.57
2018,Psicologia formação de professor,5.0,3.0,19.0,84.21,100.0,78.57,84.21,,88.89,0.0,88.89,88.89,,,,,,85.71,80.0,50.0
2018,Psicopedagogia,78.0,41.0,93.0,55.91,90.91,51.22,55.91,,61.63,0.0,75.0,79.63,0.0,0.0,0.0,,0.0,69.35,29.03,28.57
2018,Química,19.0,5.0,21.0,76.19,62.5,84.62,76.19,,78.95,50.0,80.0,76.92,0.0,0.0,0.0,,0.0,64.29,100.0,83.33
2018,Química formação de professor,37.0,16.0,46.0,65.22,66.67,64.0,68.42,62.96,75.68,22.22,76.92,62.07,0.0,0.0,0.0,,0.0,63.89,70.0,83.33
2018,Química industrial e tecnológica,37.0,12.0,46.0,73.91,65.38,85.0,73.91,,72.09,100.0,76.47,88.46,0.0,0.0,0.0,,,90.32,40.0,78.26
2018,Relações internacionais,63.0,36.0,95.0,62.11,71.43,54.72,52.08,72.34,62.37,50.0,89.19,75.0,0.0,0.0,0.0,,0.0,76.6,47.92,69.23
2018,Relações públicas,45.0,20.0,86.0,76.74,86.67,71.43,,76.74,80.0,62.5,84.85,83.33,0.0,0.0,0.0,100.0,0.0,75.44,79.31,66.67
2018,"Rádio, TV e internet",30.0,16.0,61.0,73.77,72.73,75.0,73.77,,79.63,28.57,93.1,82.76,0.0,0.0,0.0,,0.0,73.53,74.07,0.0
2018,Serviço social,77.0,109.0,179.0,39.11,60.0,35.71,51.09,26.44,55.63,0.0,55.74,33.7,0.0,0.0,0.0,0.0,0.0,31.5,57.69,25.0
2018,Teatro,10.0,12.0,26.0,53.85,58.82,44.44,53.85,,66.67,25.0,83.33,38.46,0.0,0.0,0.0,,0.0,60.87,0.0,50.0
2018,Teatro formação de professor,10.0,8.0,3.0,0.0,0.0,0.0,0.0,,0.0,0.0,0.0,0.0,,,,,,0.0,0.0,0.0
2018,Terapia ocupacional,51.0,31.0,64.0,51.56,58.33,50.0,51.56,,55.17,16.67,95.45,66.67,0.0,0.0,0.0,100.0,0.0,36.36,67.74,78.79
2018,Turismo,59.0,21.0,63.0,66.67,70.97,62.5,,66.67,77.08,33.33,79.17,70.0,0.0,0.0,0.0,,0.0,73.91,47.06,100.0
2019,Administração,133.0,59.0,157.0,62.42,74.23,43.33,55.7,69.23,62.5,61.9,0.0,0.0,0.0,0.0,0.0,75.0,0.0,0.0,83.12,0.0
2019,Alimentos,68.0,7.0,74.0,90.54,96.77,86.05,84.21,97.22,93.44,76.92,50.0,0.0,0.0,0.0,0.0,100.0,0.0,0.0,95.89,0.0
2019,Arquitetura e urbanismo,71.0,48.0,67.0,28.36,17.65,32.0,28.36,,30.77,0.0,0.0,0.0,0.0,0.0,0.0,0.0,0.0,0.0,66.15,0.0
2019,Arquivologia,71.0,33.0,81.0,59.26,69.57,45.71,,59.26,71.7,35.71,0.0,0.0,0.0,0.0,0.0,66.67,0.0,0.0,88.89,0.0
2019,Artes visuais,19.0,3.0,10.0,70.0,50.0,100.0,70.0,,75.0,50.0,0.0,0.0,,,,,,0.0,77.78,
2019,Artes visuais formação de professor,22.0,3.0,8.0,62.5,66.67,60.0,62.5,,100.0,0.0,0.0,0.0,,,,,,0.0,100.0,0.0
2019,Biblioteconomia,70.0,35.0,87.0,59.77,67.44,52.27,,59.77,74.55,34.38,0.0,0.0,0.0,0.0,0.0,100.0,0.0,0.0,94.12,0.0
2019,Biologia,56.0,21.0,58.0,63.79,64.0,63.64,63.79,,69.81,0.0,0.0,0.0,0.0,0.0,0.0,100.0,0.0,0.0,87.04,0.0
2019,Biologia formação de professor,80.0,25.0,85.0,70.59,72.97,68.75,55.36,100.0,73.33,50.0,0.0,0.0,0.0,0.0,0.0,66.67,0.0,0.0,91.57,0.0
2019,Biotecnologia,64.0,29.0,73.0,60.27,40.0,70.83,60.27,,61.19,50.0,0.0,0.0,0.0,0.0,0.0,100.0,0.0,0.0,77.46,0.0
2019,Cinema e audiovisual,18.0,11.0,15.0,26.67,12.5,42.86,26.67,,53.85,0.0,0.0,0.0,0.0,0.0,0.0,,0.0,0.0,86.67,0.0
2019,Ciência da computação,101.0,38.0,101.0,62.38,64.84,40.0,62.38,,62.37,62.5,0.0,0.0,0.0,0.0,0.0,66.67,0.0,0.0,79.8,0.0
2019,Ciências atuariais,108.0,29.0,101.0,71.29,73.68,68.18,57.45,83.33,66.27,94.44,0.0,0.0,0.0,0.0,0.0,100.0,0.0,0.0,83.84,0.0
2019,Ciências da religião,33.0,5.0,39.0,87.18,86.36,88.24,,87.18,93.33,83.33,100.0,0.0,0.0,0.0,0.0,100.0,0.0,0.0,100.0,
2019,Ciências sociais,46.0,11.0,48.0,77.08,90.91,65.38,77.08,,79.49,66.67,0.0,0.0,0.0,0.0,0.0,100.0,0.0,25.0,94.44,0.0
2019,Ciências sociais formação de professor,54.0,14.0,45.0,68.89,79.17,57.14,,68.89,67.86,70.59,0.0,0.0,0.0,0.0,0.0,,0.0,0.0,97.73,0.0
2019,Contabilidade,213.0,95.0,215.0,55.81,61.24,47.67,57.39,54.0,58.99,40.54,0.0,0.0,0.0,0.0,0.0,100.0,0.0,0.0,82.16,0.0
2019,Dança formação de professor,24.0,16.0,30.0,46.67,60.0,40.0,46.67,,50.0,33.33,0.0,0.0,0.0,0.0,0.0,,0.0,0.0,83.33,0.0
2019,Direito,379.0,248.0,296.0,16.22,19.87,12.14,15.54,16.89,26.91,0.0,0.0,0.0,0.0,0.0,0.0,50.0,0.0,0.0,46.21,0.0
2019,Economia,143.0,39.0,170.0,77.06,77.78,75.47,69.41,84.71,78.08,70.83,0.0,0.0,0.0,0.0,0.0,100.0,0.0,0.0,89.09,0.0
2019,Educação física,85.0,46.0,68.0,32.35,40.0,11.11,32.35,,43.64,0.0,0.0,0.0,0.0,0.0,0.0,100.0,0.0,0.0,75.0,0.0
2019,Educação física formação de professor,63.0,27.0,65.0,58.46,57.14,60.87,58.46,,57.69,61.54,0.0,0.0,0.0,0.0,0.0,50.0,0.0,63.46,38.46,0.0
2019,Enfermagem,78.0,32.0,102.0,68.63,66.67,68.97,68.63,,69.77,62.5,0.0,0.0,0.0,0.0,0.0,100.0,0.0,0.0,86.0,0.0
2019,Engenharia ambiental,70.0,38.0,85.0,55.29,32.35,70.59,55.29,,57.14,0.0,0.0,0.0,0.0,0.0,0.0,50.0,0.0,0.0,69.88,0.0
2019,Engenharia civil,108.0,61.0,99.0,38.38,41.18,32.26,38.38,,36.56,66.67,0.0,0.0,0.0,0.0,0.0,100.0,0.0,0.0,53.76,0.0
2019,Engenharia de alimentos,64.0,19.0,71.0,73.24,75.86,71.43,73.24,,73.44,71.43,0.0,0.0,0.0,0.0,0.0,100.0,0.0,0.0,87.32,0.0
2019,Engenharia de computação (DCN Engenharia),84.0,18.0,80.0,77.5,76.56,81.25,77.5,,76.32,100.0,0.0,0.0,0.0,0.0,0.0,50.0,,0.0,84.81,0.0
2019,Engenharia de energia,69.0,20.0,75.0,73.33,73.47,73.08,73.33,,72.06,85.71,0.0,0.0,0.0,0.0,0.0,50.0,0.0,0.0,77.78,40.0
2019,Engenharia de materiais,63.0,14.0,84.0,83.33,85.11,81.08,83.33,,83.75,75.0,0.0,0.0,0.0,0.0,0.0,50.0,0.0,0.0,91.57,0.0
2019,Engenharia de produção,87.0,65.0,90.0,27.78,45.07,0.0,44.44,11.11,27.16,33.33,0.0,0.0,0.0,0.0,0.0,0.0,0.0,0.0,50.57,0.0
2019,Engenharia elétrica,79.0,40.0,97.0,58.76,55.0,76.47,58.76,,57.14,83.33,0.0,0.0,0.0,0.0,0.0,100.0,,0.0,78.12,0.0
2019,Engenharia mecânica,100.0,48.0,102.0,52.94,54.17,33.33,52.94,,59.0,0.0,0.0,0.0,0.0,0.0,0.0,100.0,0.0,0.0,71.0,0.0
2019,Engenharia química,78.0,21.0,86.0,75.58,75.0,76.0,75.58,,76.74,0.0,0.0,20.0,0.0,0.0,0.0,100.0,0.0,0.0,88.31,33.33
2019,Ensino religioso formação de professor,26.0,5.0,0.0,0.0,0.0,0.0,,0.0,0.0,0.0,0.0,0.0,0.0,0.0,0.0,,0.0,0.0,0.0,0.0
2019,Estatística,39.0,2.0,37.0,94.59,93.75,100.0,94.59,,93.1,100.0,50.0,75.0,100.0,,,100.0,,100.0,94.44,0.0
2019,Farmácia,86.0,31.0,94.0,67.02,75.68,61.4,67.02,,66.67,75.0,0.0,0.0,0.0,0.0,0.0,100.0,0.0,0.0,82.8,0.0
2019,Filosofia,27.0,11.0,26.0,57.69,63.16,42.86,,57.69,72.22,25.0,0.0,0.0,0.0,0.0,0.0,,0.0,0.0,84.62,0.0
2019,Filosofia formação de professor,34.0,7.0,45.0,84.44,78.79,100.0,,84.44,90.62,69.23,60.0,57.14,,,,,,75.0,87.88,100.0
2019,Fisioterapia,62.0,20.0,81.0,75.31,92.31,67.27,75.31,,75.64,66.67,0.0,0.0,0.0,0.0,0.0,50.0,0.0,0.0,85.19,0.0
2019,Fonoaudiologia,52.0,40.0,63.0,36.51,27.27,38.46,36.51,,41.67,0.0,0.0,0.0,0.0,0.0,0.0,0.0,0.0,0.0,69.35,0.0
2019,Física,49.0,3.0,47.0,93.62,92.31,100.0,93.62,,95.56,50.0,66.67,50.0,,,,,,50.0,97.67,50.0
2019,Física formação de professor,63.0,7.0,82.0,91.46,93.75,83.33,100.0,89.06,87.93,100.0,0.0,0.0,0.0,0.0,,,0.0,0.0,97.4,0.0
2019,Gastronomia,60.0,20.0,26.0,23.08,8.33,35.71,23.08,,38.89,0.0,0.0,0.0,0.0,0.0,0.0,0.0,0.0,12.5,40.0,0.0
2019,Geografia,38.0,24.0,80.0,70.0,71.43,66.67,41.46,100.0,71.67,65.0,0.0,0.0,0.0,0.0,0.0,,0.0,0.0,92.5,0.0
2019,Geografia formação de professor,46.0,20.0,42.0,52.38,56.52,47.37,,52.38,75.0,0.0,36.36,53.57,,,,,,23.81,80.95,50.0
2019,Gestão pública,81.0,13.0,80.0,83.75,89.8,74.19,81.58,85.71,85.71,82.22,0.0,0.0,0.0,0.0,0.0,66.67,0.0,0.0,92.5,0.0
2019,História formação de professor,89.0,26.0,130.0,80.0,75.0,85.48,83.95,73.47,86.41,55.56,0.0,0.0,0.0,0.0,0.0,100.0,0.0,0.0,93.44,0.0
2019,Hotelaria,50.0,16.0,31.0,48.39,90.91,25.0,48.39,,42.86,60.0,0.0,0.0,0.0,0.0,0.0,0.0,0.0,0.0,76.67,0.0
2019,Jornalismo,71.0,35.0,70.0,50.0,53.33,47.5,50.0,,51.52,25.0,0.0,0.0,0.0,0.0,0.0,100.0,0.0,5.88,64.15,0.0
2019,Letras espanhol formação de professor,42.0,11.0,48.0,77.08,90.91,72.97,77.08,,89.19,36.36,0.0,83.33,0.0,0.0,,100.0,,0.0,91.67,0.0
2019,Letras francês formação de professor,23.0,3.0,43.0,93.02,94.12,92.31,95.65,90.0,90.0,100.0,0.0,0.0,100.0,,,100.0,,0.0,95.35,0.0
2019,Letras inglês formação de professor,83.0,35.0,95.0,63.16,71.74,55.1,62.5,63.83,65.33,55.0,0.0,0.0,0.0,0.0,0.0,100.0,0.0,0.0,83.16,0.0
2019,Letras línguas estrangeiras clássicas formação de professor,53.0,8.0,49.0,83.67,85.71,80.95,,83.67,86.67,78.95,0.0,0.0,0.0,0.0,,100.0,0.0,0.0,97.96,
2019,Letras português formação de professor,138.0,82.0,155.0,47.1,53.85,43.69,51.19,42.25,58.4,0.0,0.0,0.0,0.0,0.0,0.0,100.0,0.0,0.0,86.27,0.0
2019,Letras tradutor e intérprete,24.0,15.0,8.0,0.0,0.0,0.0,0.0,,0.0,0.0,0.0,0.0,0.0,0.0,0.0,0.0,0.0,0.0,0.0,0.0
2019,Matemática,21.0,1.0,26.0,96.15,94.12,100.0,96.15,,96.0,100.0,,100.0,,,,,,100.0,95.45,100.0
2019,Matemática aplicada e computacional,69.0,2.0,68.0,97.06,98.25,90.91,97.06,,96.67,100.0,0.0,100.0,100.0,,,100.0,,0.0,98.53,0.0
2019,Matemática formação de professor,98.0,29.0,82.0,64.63,67.74,55.0,55.26,72.73,64.52,65.0,0.0,0.0,0.0,0.0,0.0,100.0,0.0,0.0,95.06,0.0
2019,Medicina,124.0,109.0,119.0,8.4,4.92,12.07,8.4,,21.24,0.0,0.0,0.0,0.0,0.0,0.0,66.67,0.0,0.0,39.66,0.0
2019,Música,8.0,17.0,34.0,50.0,47.83,54.55,50.0,,66.67,0.0,0.0,0.0,0.0,0.0,0.0,,0.0,0.0,87.5,25.0
2019,Música formação de professor,15.0,30.0,42.0,28.57,41.18,0.0,28.57,,62.96,0.0,0.0,0.0,,,,,,0.0,72.22,25.0
2019,Nutrição,70.0,49.0,76.0,35.53,15.38,39.68,35.53,,39.44,0.0,0.0,0.0,0.0,0.0,0.0,0.0,0.0,0.0,69.74,0.0
2019,Odontologia,78.0,40.0,84.0,52.38,58.62,49.09,52.38,,53.16,40.0,0.0,0.0,0.0,0.0,0.0,100.0,0.0,0.0,70.24,0.0
2019,Pedagogia,327.0,139.0,324.0,57.1,82.43,49.6,53.57,60.9,71.43,25.0,0.0,0.0,0.0,0.0,0.0,75.0,0.0,0.0,88.75,0.0
2019,Produção multimídia,46.0,19.0,49.0,61.22,56.67,68.42,61.22,,70.21,0.0,0.0,0.0,0.0,0.0,0.0,50.0,0.0,0.0,75.51,0.0
2019,Produção sucroalcooleira,80.0,12.0,61.0,80.33,82.61,73.33,93.94,64.29,84.09,70.59,0.0,0.0,0.0,0.0,0.0,100.0,0.0,0.0,94.74,0.0
2019,Programas interdisciplinares abrangendo artes e humanidades,33.0,16.0,41.0,60.98,75.0,47.62,60.98,,59.46,75.0,0.0,0.0,0.0,0.0,0.0,100.0,0.0,0.0,72.97,50.0
2019,Psicologia,106.0,84.0,118.0,28.81,24.14,30.34,28.81,,32.41,0.0,0.0,0.0,0.0,0.0,0.0,100.0,0.0,0.0,65.18,0.0
2019,Psicologia formação de professor,0.0,4.0,3.0,0.0,50.0,0.0,0.0,,0.0,50.0,100.0,0.0,,,,,,0.0,100.0,0.0
2019,Psicopedagogia,84.0,50.0,80.0,37.5,0.0,41.03,37.5,,39.34,31.58,0.0,0.0,0.0,0.0,0.0,100.0,0.0,0.0,73.42,0.0
2019,Química,19.0,4.0,22.0,81.82,66.67,100.0,81.82,,78.95,100.0,25.0,50.0,,,,,,60.0,88.24,100.0
2019,Química formação de professor,42.0,17.0,49.0,65.31,70.83,60.0,71.43,60.71,69.23,50.0,0.0,0.0,0.0,0.0,0.0,100.0,0.0,0.0,89.36,83.33
2019,Química industrial e tecnológica,40.0,13.0,49.0,73.47,90.0,62.07,73.47,,75.0,0.0,0.0,0.0,0.0,0.0,0.0,100.0,0.0,0.0,87.76,0.0
2019,Relações internacionais,76.0,21.0,71.0,70.42,64.71,75.68,66.67,75.0,70.59,66.67,0.0,0.0,0.0,0.0,0.0,50.0,0.0,0.0,84.06,20.0
2019,Relações públicas,42.0,24.0,48.0,50.0,52.94,48.39,,50.0,54.76,16.67,0.0,0.0,0.0,0.0,0.0,0.0,0.0,0.0,79.17,0.0
2019,"Rádio, TV e internet",34.0,35.0,61.0,42.62,42.42,42.86,42.62,,46.94,25.0,0.0,0.0,0.0,0.0,0.0,,0.0,0.0,80.0,0.0
2019,Serviço social,85.0,56.0,138.0,59.42,73.08,56.25,59.42,59.42,63.81,45.45,0.0,0.0,0.0,0.0,0.0,0.0,0.0,0.0,89.05,0.0
2019,Teatro,10.0,11.0,24.0,54.17,61.54,45.45,54.17,,50.0,58.33,66.67,0.0,0.0,0.0,0.0,,,0.0,88.89,0.0
2019,Teatro formação de professor,13.0,10.0,10.0,0.0,14.29,0.0,0.0,,50.0,0.0,0.0,0.0,0.0,0.0,0.0,,0.0,0.0,25.0,0.0
2019,Terapia ocupacional,52.0,33.0,57.0,42.11,50.0,40.0,42.11,,41.18,50.0,25.0,0.0,0.0,0.0,0.0,0.0,0.0,0.0,71.43,0.0
2019,Turismo,57.0,9.0,60.0,85.0,86.21,83.87,,85.0,88.64,75.0,50.0,0.0,0.0,0.0,0.0,100.0,0.0,0.0,98.33,0.0
2020,Administração,191.0,22.0,163.0,86.5,89.38,80.0,89.87,83.33,88.81,75.86,66.67,73.17,85.71,84.62,87.5,100.0,84.0,91.85,60.71,0.0
2020,Alimentos,89.0,3.0,71.0,95.77,97.06,94.59,95.0,96.77,95.74,95.83,100.0,89.47,95.65,95.45,94.44,100.0,100.0,95.24,100.0,
2020,Arquitetura e urbanismo,77.0,28.0,69.0,59.42,90.91,44.68,59.42,,58.46,75.0,0.0,0.0,65.38,64.0,64.71,100.0,46.15,83.82,0.0,0.0
2020,Arquivologia,90.0,5.0,84.0,94.05,97.78,89.74,,94.05,92.59,96.67,81.25,88.89,96.55,96.3,94.12,100.0,100.0,97.44,50.0,
2020,Artes visuais,23.0,2.0,17.0,88.24,83.33,90.91,88.24,,93.33,50.0,50.0,85.71,100.0,100.0,100.0,,100.0,100.0,60.0,0.0
2020,Artes visuais formação de professor,21.0,2.0,19.0,89.47,80.0,100.0,89.47,,86.67,100.0,85.71,100.0,100.0,100.0,100.0,100.0,100.0,93.75,66.67,
2020,Biblioteconomia,95.0,4.0,83.0,95.18,100.0,91.49,,95.18,97.83,91.89,91.67,80.0,96.88,96.55,100.0,100.0,100.0,97.47,50.0,100.0
2020,Biologia,54.0,8.0,64.0,87.5,87.5,87.5,87.5,,88.52,66.67,70.0,64.29,81.82,81.82,86.67,,90.91,91.23,57.14,50.0
2020,Biologia formação de professor,91.0,6.0,95.0,93.68,100.0,89.29,89.09,100.0,93.9,92.31,95.24,80.95,93.33,92.86,94.12,100.0,93.33,95.24,81.82,0.0
2020,Biotecnologia,70.0,22.0,73.0,69.86,58.62,77.27,69.86,,68.66,83.33,18.18,0.0,61.54,60.0,53.33,100.0,61.54,85.29,0.0,0.0
2020,Cinema e audiovisual,15.0,1.0,13.0,92.31,83.33,100.0,92.31,,88.89,100.0,100.0,66.67,75.0,75.0,75.0,,50.0,92.31,,0.0
2020,Ciência da computação,99.0,15.0,86.0,82.56,82.89,80.0,82.56,,82.5,83.33,63.16,40.0,91.18,90.32,89.47,100.0,91.67,94.59,8.33,0.0
2020,Ciências atuariais,115.0,6.0,106.0,94.34,98.41,88.37,90.57,98.11,95.12,91.67,94.74,68.75,95.0,94.59,95.65,100.0,94.74,97.94,55.56,0.0
2020,Ciências da religião,60.0,6.0,38.0,84.21,85.71,82.35,,84.21,100.0,70.0,83.33,20.0,100.0,100.0,100.0,,100.0,86.49,0.0,
2020,Ciências sociais,54.0,6.0,34.0,82.35,93.75,72.22,82.35,,87.5,0.0,40.0,66.67,92.31,92.31,87.5,,100.0,83.87,66.67,100.0
2020,Ciências sociais formação de professor,66.0,6.0,49.0,87.76,92.0,83.33,,87.76,100.0,77.78,90.91,55.56,80.95,78.95,83.33,100.0,91.67,90.91,60.0,0.0
2020,Contabilidade,218.0,31.0,232.0,86.64,89.05,83.16,89.34,83.64,89.06,75.0,82.93,66.67,85.9,84.93,81.63,100.0,87.1,91.67,50.0,0.0
2020,Dança formação de professor,26.0,4.0,26.0,84.62,81.82,86.67,84.62,,84.21,85.71,0.0,25.0,77.78,77.78,66.67,100.0,75.0,88.0,0.0,0.0
2020,Direito,233.0,63.0,440.0,85.68,89.41,81.37,83.1,88.11,85.27,87.36,70.87,72.62,85.4,84.92,87.5,90.91,85.0,93.01,45.59,0.0
2020,Economia,176.0,17.0,164.0,89.63,94.17,77.27,86.59,92.68,91.11,82.76,69.23,77.14,91.53,90.74,93.94,100.0,100.0,94.74,25.0,0.0
2020,Educação física,82.0,8.0,71.0,88.73,87.23,91.67,88.73,,93.33,63.64,85.71,76.19,92.0,91.3,86.67,100.0,81.82,96.43,60.0,
2020,Educação física formação de professor,79.0,7.0,57.0,87.72,86.49,90.0,87.72,,88.46,80.0,87.5,68.75,70.59,75.0,90.91,0.0,57.14,89.36,80.0,0.0
2020,Enfermagem,97.0,27.0,101.0,73.27,87.5,68.83,73.27,,75.27,50.0,38.46,0.0,78.12,77.42,68.42,100.0,86.67,86.17,0.0,0.0
2020,Engenharia ambiental,87.0,8.0,86.0,90.7,91.89,89.8,90.7,,89.47,100.0,88.24,77.27,93.33,93.1,93.33,100.0,100.0,94.81,55.56,0.0
2020,Engenharia civil,113.0,23.0,110.0,79.09,81.43,75.0,79.09,,80.37,33.33,60.0,33.33,70.27,70.59,62.5,66.67,70.59,86.6,23.08,0.0
2020,Engenharia de alimentos,80.0,11.0,77.0,85.71,90.0,81.08,85.71,,86.11,80.0,66.67,53.85,88.46,88.0,93.75,100.0,93.75,95.71,0.0,0.0
2020,Engenharia de computação (DCN Engenharia),82.0,8.0,81.0,90.12,90.0,90.91,90.12,,91.25,0.0,81.82,50.0,93.33,92.59,87.5,100.0,92.31,91.55,80.0,0.0
2020,Engenharia de energia,83.0,5.0,73.0,93.15,92.73,94.44,93.15,,92.86,100.0,83.33,75.0,96.43,96.15,93.75,100.0,100.0,98.41,60.0,
2020,Engenharia de materiais,76.0,8.0,73.0,89.04,84.62,100.0,89.04,,89.71,80.0,80.0,61.54,86.96,86.36,75.0,100.0,92.31,91.94,72.73,0.0
2020,Engenharia de produção,105.0,17.0,132.0,87.12,87.5,86.36,94.52,77.97,89.66,68.75,80.0,72.41,78.12,77.42,80.95,100.0,82.35,92.86,55.0,0.0
2020,Engenharia elétrica,85.0,20.0,94.0,78.72,77.27,82.14,78.72,,79.35,50.0,52.38,50.0,85.71,85.71,81.25,,76.92,88.89,15.38,0.0
2020,Engenharia mecânica,100.0,23.0,111.0,79.28,77.66,88.24,79.28,,78.64,87.5,29.41,62.5,82.5,81.58,86.96,100.0,72.22,92.08,0.0,0.0
2020,Engenharia química,81.0,15.0,86.0,82.56,86.05,79.07,82.56,,82.14,100.0,66.67,40.0,71.88,70.0,65.0,100.0,60.0,86.3,61.54,0.0
2020,Ensino religioso formação de professor,47.0,0.0,33.0,100.0,100.0,100.0,,100.0,100.0,100.0,100.0,100.0,100.0,100.0,100.0,,100.0,100.0,100.0,
2020,Estatística,30.0,2.0,33.0,93.94,89.47,100.0,93.94,,93.33,100.0,50.0,100.0,90.91,90.91,100.0,,100.0,96.77,50.0,
2020,Farmácia,99.0,21.0,85.0,75.29,88.57,66.0,75.29,,73.42,100.0,63.64,17.65,78.38,80.0,77.27,50.0,84.21,86.25,0.0,0.0
2020,Filosofia,37.0,5.0,43.0,88.37,87.5,90.91,,88.37,80.95,95.45,71.43,72.73,92.31,91.67,90.0,100.0,100.0,92.31,50.0,0.0
2020,Filosofia formação de professor,41.0,10.0,38.0,73.68,73.33,75.0,,73.68,64.0,92.31,0.0,54.55,75.0,75.0,77.78,,50.0,81.25,33.33,0.0
2020,Fisioterapia,80.0,27.0,81.0,66.67,83.33,59.65,66.67,,68.0,50.0,26.67,0.0,64.29,61.54,58.82,100.0,84.62,75.34,0.0,0.0
2020,Fonoaudiologia,60.0,2.0,54.0,96.3,92.86,97.5,96.3,,95.92,100.0,66.67,100.0,100.0,100.0,100.0,,100.0,98.04,66.67,0.0
2020,Física,59.0,2.0,41.0,95.12,94.29,100.0,95.12,,94.87,100.0,71.43,100.0,91.67,90.91,100.0,100.0,80.0,97.37,66.67,100.0
2020,Física formação de professor,66.0,1.0,64.0,98.44,98.08,100.0,,98.44,97.96,100.0,100.0,92.31,96.15,95.83,93.33,100.0,100.0,98.39,100.0,
2020,Gastronomia,45.0,0.0,30.0,100.0,100.0,100.0,100.0,,100.0,100.0,100.0,100.0,100.0,100.0,100.0,,100.0,100.0,100.0,
2020,Geografia,37.0,3.0,78.0,96.15,97.96,93.1,92.86,100.0,95.24,100.0,92.31,90.0,96.67,96.43,94.12,100.0,100.0,97.1,88.89,
2020,Geografia formação de professor,43.0,6.0,33.0,81.82,78.26,90.0,,81.82,83.33,80.0,100.0,60.0,,,,,,85.71,60.0,
2020,Gestão pública,101.0,1.0,72.0,98.61,100.0,96.77,96.43,100.0,100.0,96.43,94.74,100.0,96.77,96.43,100.0,100.0,92.86,98.36,100.0,
2020,História formação de professor,88.0,15.0,97.0,84.54,83.93,85.37,78.26,90.2,89.19,69.57,61.54,50.0,81.25,80.65,71.43,100.0,82.35,85.71,66.67,0.0
2020,Hotelaria,56.0,7.0,41.0,82.93,84.62,82.14,82.93,,88.57,50.0,0.0,60.0,81.25,80.0,90.91,100.0,88.89,90.0,0.0,0.0
2020,Jornalismo,69.0,10.0,78.0,87.18,92.11,82.5,87.18,,85.92,100.0,75.0,61.11,72.73,72.73,68.75,,66.67,91.3,55.56,0.0
2020,Letras espanhol formação de professor,49.0,2.0,51.0,96.08,100.0,93.94,96.08,,96.67,95.24,100.0,75.0,100.0,100.0,100.0,100.0,100.0,100.0,77.78,
2020,Letras francês formação de professor,28.0,2.0,25.0,92.0,60.0,100.0,90.91,100.0,93.75,88.89,50.0,83.33,75.0,71.43,75.0,100.0,66.67,91.3,100.0,0.0
2020,Letras inglês formação de professor,97.0,8.0,108.0,92.59,94.0,91.38,85.71,96.97,89.39,97.62,76.92,90.0,88.46,88.0,93.75,100.0,100.0,94.32,85.0,0.0
2020,Letras línguas estrangeiras clássicas formação de professor,62.0,3.0,40.0,92.5,100.0,83.33,,92.5,92.0,93.33,100.0,50.0,94.12,94.12,92.31,,85.71,94.87,0.0,
2020,Letras português formação de professor,161.0,24.0,166.0,85.54,87.5,84.55,71.79,97.73,86.49,83.64,80.65,51.61,88.24,90.0,93.75,0.0,91.67,89.47,42.86,0.0
2020,Letras tradutor e intérprete,26.0,2.0,21.0,90.48,100.0,75.0,90.48,,94.44,66.67,83.33,0.0,83.33,80.0,0.0,100.0,50.0,88.89,100.0,0.0
2020,Matemática,27.0,0.0,20.0,100.0,100.0,100.0,100.0,,100.0,100.0,100.0,100.0,100.0,100.0,100.0,100.0,100.0,100.0,100.0,100.0
2020,Matemática aplicada e computacional,0.0,2.0,60.0,96.67,100.0,50.0,96.67,,96.43,100.0,85.71,90.91,93.33,92.86,90.0,100.0,87.5,96.3,100.0,0.0
2020,Matemática formação de professor,117.0,12.0,104.0,88.46,87.5,90.62,83.78,91.04,87.14,91.18,75.0,80.77,94.29,93.94,94.74,100.0,94.12,94.74,22.22,0.0
2020,Medicina,119.0,166.0,143.0,0.0,0.0,0.0,0.0,,0.0,0.0,0.0,0.0,0.0,0.0,0.0,0.0,0.0,52.24,0.0,0.0
2020,Música,35.0,6.0,36.0,83.33,83.87,80.0,83.33,,90.32,40.0,76.92,66.67,,,,,,85.71,75.0,100.0
2020,Música formação de professor,45.0,12.0,40.0,70.0,86.67,20.0,70.0,,78.95,61.9,50.0,40.0,0.0,0.0,0.0,,,70.59,66.67,0.0
2020,Nutrição,82.0,11.0,77.0,85.71,88.0,84.62,85.71,,85.07,90.0,71.43,62.5,80.77,80.77,76.47,,66.67,91.43,28.57,0.0
2020,Odontologia,80.0,16.0,88.0,81.82,84.62,79.59,81.82,,83.13,60.0,61.11,46.67,85.71,84.62,88.24,100.0,76.92,91.03,10.0,0.0
2020,Pedagogia,411.0,24.0,361.0,93.35,94.62,92.91,94.01,92.78,96.77,88.19,88.89,73.53,92.09,92.48,90.12,83.33,97.01,93.97,76.92,0.0
2020,Produção multimídia,49.0,10.0,50.0,80.0,82.76,76.19,80.0,,79.07,85.71,80.0,30.0,80.0,77.78,69.23,100.0,72.73,85.71,50.0,0.0
2020,Produção sucroalcooleira,90.0,1.0,67.0,98.51,97.83,100.0,96.43,100.0,97.67,100.0,88.89,100.0,100.0,100.0,100.0,100.0,100.0,100.0,80.0,
2020,Programas interdisciplinares abrangendo artes e humanidades,33.0,2.0,40.0,95.0,92.86,96.15,95.0,,94.12,100.0,66.67,100.0,100.0,100.0,100.0,,100.0,100.0,60.0,
2020,Psicologia,116.0,21.0,114.0,81.58,81.4,81.69,81.58,,85.15,53.85,60.0,54.55,73.68,74.29,77.27,66.67,87.5,87.13,38.46,0.0
2020,Psicologia formação de professor,0.0,0.0,1.0,100.0,,100.0,100.0,,100.0,,,100.0,,,,,,100.0,,
2020,Psicopedagogia,102.0,7.0,74.0,90.54,81.82,92.06,90.54,,88.0,95.83,90.0,14.29,93.55,93.1,94.44,100.0,84.62,95.77,0.0,0.0
2020,Química,22.0,4.0,13.0,69.23,88.89,25.0,69.23,,76.92,0.0,66.67,25.0,80.0,80.0,66.67,,100.0,80.0,33.33,0.0
2020,Química formação de professor,50.0,1.0,46.0,97.83,96.15,100.0,93.75,100.0,100.0,90.91,92.31,100.0,100.0,100.0,100.0,100.0,100.0,100.0,88.89,100.0
2020,Química industrial e tecnológica,48.0,8.0,46.0,82.61,75.0,86.67,82.61,,82.61,,100.0,0.0,82.35,82.35,83.33,,62.5,90.7,0.0,0.0
2020,Relações internacionais,81.0,14.0,65.0,78.46,89.47,62.96,77.14,80.0,77.42,100.0,0.0,85.71,92.0,91.67,100.0,100.0,83.33,92.06,0.0,0.0
2020,Relações públicas,44.0,10.0,51.0,80.39,78.26,82.14,,80.39,80.95,77.78,80.0,50.0,83.33,82.35,81.82,100.0,87.5,91.11,0.0,
2020,"Rádio, TV e internet",43.0,7.0,56.0,87.5,87.5,87.5,87.5,,85.71,100.0,62.5,50.0,89.47,88.24,100.0,100.0,87.5,94.23,0.0,
2020,Serviço social,100.0,23.0,97.0,76.29,82.35,75.0,85.19,65.12,80.88,65.52,45.45,40.74,65.71,65.62,54.55,66.67,73.33,80.43,0.0,0.0
2020,Teatro,18.0,0.0,9.0,100.0,100.0,100.0,100.0,,100.0,100.0,,100.0,,,,,,100.0,100.0,
2020,Teatro formação de professor,18.0,0.0,12.0,100.0,100.0,100.0,100.0,,100.0,100.0,100.0,100.0,100.0,100.0,100.0,,100.0,100.0,,100.0
2020,Terapia ocupacional,61.0,4.0,53.0,92.45,87.5,93.33,92.45,,97.73,66.67,60.0,71.43,89.47,94.12,100.0,50.0,100.0,94.34,0.0,
2020,Turismo,73.0,12.0,2.0,0.0,0.0,0.0,,0.0,0.0,0.0,0.0,0.0,0.0,0.0,0.0,,0.0,0.0,0.0,
